Submission id,Participant id,Status,Custom study tncs accepted at,Started at,Completed at,Reviewed at,Archived at,Time taken,Completion code,Total approvals,Covid-19 vaccination,Covid-19 vaccine opinions,Vaccine opinions 2,Age,Sex,Ethnicity simplified,Country of birth,Country of residence,Nationality,Language,Student status,Employment status
66266a63c3ef2d38baa36ed5,615bb35e52d50aa9a2ae6747,AWAITING REVIEW,Not Applicable,2024-04-22T13:48:39.673000Z,2024-04-22T13:55:27.140000Z,,2024-04-22T13:58:07.287498Z,408.0,CR9UHRS6,5780,No,Against (I feel negatively about the vaccines),3(SOMEWHAT DISAGREE),45,Female,White,United States,United States,United States,English,No,Part-Time
66266b95ead78fd8f8ac7f33,655fc066df406c5bd0a94a51,AWAITING REVIEW,Not Applicable,2024-04-22T13:54:26.199000Z,2024-04-22T13:57:58.855000Z,,2024-04-22T14:00:25.402114Z,213.0,CR9UHRS6,1198,No,Against (I feel negatively about the vaccines),3(SOMEWHAT DISAGREE),33,Female,Black,United States,United States,United States,English,No,Part-Time
66266ba500108f1b04211173,60ff1981688229d1e3eb43e9,AWAITING REVIEW,Not Applicable,2024-04-22T13:52:43.726000Z,2024-04-22T13:56:16.826000Z,,2024-04-22T13:58:57.506611Z,214.0,CR9UHRS6,1658,No,Against (I feel negatively about the vaccines),3(SOMEWHAT DISAGREE),59,Female,White,United States,United States,United States,English,No,Full-Time
66266bb10b05a1441862c95a,65a14753f34c5e9ccce66538,AWAITING REVIEW,Not Applicable,2024-04-22T13:52:53.810000Z,2024-04-22T13:55:12.534000Z,,2024-04-22T13:57:43.457941Z,139.0,CR9UHRS6,600,No,Against (I feel negatively about the vaccines),1 (TOTALLY DISAGREEE),32,Female,White,United States,United States,United States,English,No,Full-Time
66266bb229e77a77cb284669,6623d9ae9c4dda6732c407d9,AWAITING REVIEW,Not Applicable,2024-04-22T13:53:23.997000Z,2024-04-22T14:06:07.404000Z,,2024-04-22T14:08:18.718831Z,764.0,CR9UHRS6,51,No,Against (I feel negatively about the vaccines),3(SOMEWHAT DISAGREE),40,Female,White,United States,United States,United States,English,No,Full-Time
66266bb3da9ae25bd3568cf1,60ccbffae161aadb1880ad6c,AWAITING REVIEW,Not Applicable,2024-04-22T13:52:51.241000Z,2024-04-22T13:57:32.863000Z,,2024-04-22T14:00:06.395758Z,282.0,CR9UHRS6,6372,No,Against (I feel negatively about the vaccines),3(SOMEWHAT DISAGREE),35,Female,White,United States,United States,United States,English,No,Full-Time
66266bbb8974da28f5416188,5b6259be5256470001bd0c6d,AWAITING REVIEW,Not Applicable,2024-04-22T13:53:13.751000Z,2024-04-22T13:56:43.719000Z,,2024-04-22T13:59:13.520382Z,210.0,CR9UHRS6,7273,No,Against (I feel negatively about the vaccines),2 (DISAGREE),37,Male,White,United States,United States,United States,English,No,Unemployed (and job seeking)
66266bbc79ee5a51cd1cc73f,5cba50bf114fa5001aac5570,AWAITING REVIEW,Not Applicable,2024-04-22T13:53:27.038000Z,2024-04-22T14:03:38.560000Z,,2024-04-22T14:05:50.187918Z,612.0,CR9UHRS6,1285,No,Against (I feel negatively about the vaccines),1 (TOTALLY DISAGREEE),72,Male,White,United States,United States,United States,English,No,"Not in paid work (e.g. homemaker', 'retired or disabled)"
66266bc20b49207ba5398e3e,62897d2024f826ea90b7efa1,AWAITING REVIEW,Not Applicable,2024-04-22T13:53:47.987000Z,2024-04-22T13:59:27.410000Z,,2024-04-22T14:01:55.316234Z,340.0,CR9UHRS6,4698,No,Against (I feel negatively about the vaccines),1 (TOTALLY DISAGREEE),70,Female,White,United States,United States,United States,English,No,Part-Time
66266bcccdca831f532363c1,616b5241d8eb9504f10a5cb2,AWAITING REVIEW,Not Applicable,2024-04-22T13:53:25.222000Z,2024-04-22T14:04:43.661000Z,,2024-04-22T14:07:13.984699Z,679.0,CR9UHRS6,6258,No,Against (I feel negatively about the vaccines),1 (TOTALLY DISAGREEE),59,Female,Mixed,United States,United States,United States,English,DATA_EXPIRED,Full-Time
66266be10b05a1441862c965,65a2bc0d60b1e46f4e1d3cc8,AWAITING REVIEW,Not Applicable,2024-04-22T13:53:43.514000Z,2024-04-22T14:12:33.316000Z,,2024-04-22T14:14:24.820870Z,1130.0,CR9UHRS6,739,No,Against (I feel negatively about the vaccines),3(SOMEWHAT DISAGREE),51,Male,White,United States,United States,United States,English,No,Part-Time
66266befe6b3799f91565aa2,5f50b1bbe29c992335098fb1,AWAITING REVIEW,Not Applicable,2024-04-22T13:57:25.708000Z,2024-04-22T14:14:57.795000Z,,2024-04-22T14:16:37.227096Z,1053.0,CR9UHRS6,3671,No,Against (I feel negatively about the vaccines),2 (DISAGREE),33,Female,White,United States,United States,United States,English,No,Unemployed (and job seeking)
66266c1f20f66d77d6fd0e2f,5720a9f6fd3a5200113c1891,AWAITING REVIEW,Not Applicable,2024-04-22T13:54:48.248000Z,2024-04-22T14:03:29.071000Z,,2024-04-22T14:05:49.361094Z,521.0,CR9UHRS6,6296,No,Against (I feel negatively about the vaccines),3(SOMEWHAT DISAGREE),52,Female,White,United States,United States,United States,English,No,Full-Time
66266c23d662fed260545227,5f8001ebabc31a000c257ccc,AWAITING REVIEW,Not Applicable,2024-04-22T13:55:45.876000Z,2024-04-22T14:05:31.015000Z,,2024-04-22T14:07:55.259788Z,586.0,CR9UHRS6,238,No,Against (I feel negatively about the vaccines),1 (TOTALLY DISAGREEE),38,Male,White,United States,United States,United States,English,No,Full-Time
66266c33251c33719c85d0a8,5a6b53f3e70ca900017ab75a,AWAITING REVIEW,Not Applicable,2024-04-22T13:55:09.285000Z,2024-04-22T14:10:14.596000Z,,2024-04-22T14:12:02.911767Z,906.0,CR9UHRS6,2488,No,Against (I feel negatively about the vaccines),3(SOMEWHAT DISAGREE),77,Female,White,United States,United States,United States,English,No,Part-Time
66266c35f55daf4a15f5e3a5,6085bb66296b0a411198d8fd,AWAITING REVIEW,Not Applicable,2024-04-22T13:55:01.785000Z,2024-04-22T14:09:13.930000Z,,2024-04-22T14:10:56.905361Z,853.0,CR9UHRS6,3066,No,Against (I feel negatively about the vaccines),2 (DISAGREE),37,Male,Black,United States,United States,United States,English,No,Full-Time
66266c38c619457fc1b13594,654274da9d849435fdd00d38,AWAITING REVIEW,Not Applicable,2024-04-22T13:55:15.876000Z,2024-04-22T14:03:38.943000Z,,2024-04-22T14:06:04.732166Z,504.0,CR9UHRS6,1176,No,Against (I feel negatively about the vaccines),2 (DISAGREE),65,Male,White,United States,United States,United States,English,No,"Not in paid work (e.g. homemaker', 'retired or disabled)"
66266c4fda9ae25bd3568d15,5685775f333cbd000c4e4c27,AWAITING REVIEW,Not Applicable,2024-04-22T13:55:38.460000Z,2024-04-22T14:00:33.909000Z,,2024-04-22T14:03:01.760768Z,296.0,CR9UHRS6,1697,No,Against (I feel negatively about the vaccines),1 (TOTALLY DISAGREEE),62,Male,White,United States,United States,United States,English,No,Other
66266c6915d0218a41720f38,659587f05678e3d1c10c78c4,AWAITING REVIEW,Not Applicable,2024-04-22T13:56:00.731000Z,2024-04-22T14:03:39.038000Z,,2024-04-22T14:06:11.528584Z,459.0,CR9UHRS6,463,No,Against (I feel negatively about the vaccines),3(SOMEWHAT DISAGREE),49,Female,White,United States,United States,United States,English,Yes,"Not in paid work (e.g. homemaker', 'retired or disabled)"
66266c74a8d2ec50d0888c61,5ba064c10d4416000157a224,AWAITING REVIEW,Not Applicable,2024-04-22T14:01:28.603000Z,2024-04-22T14:08:20.762000Z,,2024-04-22T14:10:01.745042Z,413.0,CR9UHRS6,4473,No,Against (I feel negatively about the vaccines),2 (DISAGREE),33,Male,Black,United States,United States,United States,English,No,Other
66266cff69482b552dd347cd,5d6376ec7e447f001c971315,AWAITING REVIEW,Not Applicable,2024-04-22T14:00:59.049000Z,2024-04-22T14:11:24.242000Z,,2024-04-22T14:13:19.248659Z,626.0,CR9UHRS6,5657,No,Against (I feel negatively about the vaccines),1 (TOTALLY DISAGREEE),67,Female,Black,United States,United States,United States,English,No,Unemployed (and job seeking)
66266d03948bb6a3e2cb6955,65ff8d0f3dceb18d1efdac6c,AWAITING REVIEW,Not Applicable,2024-04-22T13:58:44.164000Z,2024-04-22T14:19:21.235000Z,,2024-04-22T14:21:01.111445Z,1238.0,CR9UHRS6,100,No,Against (I feel negatively about the vaccines),1 (TOTALLY DISAGREEE),52,Male,Black,United States,United States,United States,English,No,Part-Time
66266d1bd1f1306008cf978a,60fec7794a3fad182b902978,AWAITING REVIEW,Not Applicable,2024-04-22T13:58:55.424000Z,2024-04-22T14:04:30.407000Z,,2024-04-22T14:07:25.681095Z,335.0,CR9UHRS6,2013,No,Against (I feel negatively about the vaccines),3(SOMEWHAT DISAGREE),26,Female,White,United States,United States,United States,English,No,"Not in paid work (e.g. homemaker', 'retired or disabled)"
66266d22546a5db0ec7fb5c0,5b22d2c260c40e000103b157,AWAITING REVIEW,Not Applicable,2024-04-22T13:59:06.811000Z,2024-04-22T14:07:09.925000Z,,2024-04-22T14:08:56.728066Z,484.0,CR9UHRS6,1522,No,Against (I feel negatively about the vaccines),1 (TOTALLY DISAGREEE),57,Female,White,United States,United States,United States,English,No,Full-Time
66266da1c5e14911a967766e,59565b1bbbb52400017ad4e1,AWAITING REVIEW,Not Applicable,2024-04-22T14:01:10.808000Z,2024-04-22T14:07:32.561000Z,,2024-04-22T14:09:17.848376Z,382.0,CR9UHRS6,4539,No,Against (I feel negatively about the vaccines),1 (TOTALLY DISAGREEE),53,Female,White,United States,United States,United States,English,No,DATA_EXPIRED
66266e0ef35d54de91eda850,643edca8dcd599c6fba5e31b,AWAITING REVIEW,Not Applicable,2024-04-22T14:03:13.090000Z,2024-04-22T14:18:24.093000Z,,2024-04-22T14:20:16.801542Z,912.0,CR9UHRS6,2272,No,Against (I feel negatively about the vaccines),2 (DISAGREE),61,Female,Black,United States,United States,United States,English,No,Part-Time
66266e43f3c83c70b66ede2a,5c95493ddd325800166f838a,AWAITING REVIEW,Not Applicable,2024-04-22T14:03:51.519000Z,2024-04-22T14:12:01.268000Z,,2024-04-22T14:13:38.375240Z,490.0,CR9UHRS6,5121,No,Against (I feel negatively about the vaccines),3(SOMEWHAT DISAGREE),42,Female,White,Latvia,United States,United States,English,No,Full-Time
66266ec0fa1727055a7c3906,63ea751b7686e752f5ef78b2,AWAITING REVIEW,Not Applicable,2024-04-22T14:05:57.947000Z,2024-04-22T14:09:40.720000Z,,2024-04-22T14:11:18.932109Z,223.0,CR9UHRS6,3546,No,Against (I feel negatively about the vaccines),2 (DISAGREE),66,Male,White,United States,United States,United States,English,No,Full-Time
66266ecd652dc78dcf23d7b5,660ad11f945fa3dbc5fc3e65,AWAITING REVIEW,Not Applicable,2024-04-22T14:15:26.946000Z,2024-04-22T14:29:19.899000Z,,2024-04-22T14:32:02.132416Z,833.0,CR9UHRS6,116,No,Against (I feel negatively about the vaccines),1 (TOTALLY DISAGREEE),34,Female,White,United States,United States,United States,English,No,"Not in paid work (e.g. homemaker', 'retired or disabled)"
66266f28b1a59547e2d60613,65e0d81acca2780f6d77bbe2,AWAITING REVIEW,Not Applicable,2024-04-22T14:08:07.367000Z,2024-04-22T14:17:10.057000Z,,2024-04-22T14:18:55.239493Z,543.0,CR9UHRS6,473,No,Against (I feel negatively about the vaccines),3(SOMEWHAT DISAGREE),36,Female,White,United States,United States,United States,English,No,Unemployed (and job seeking)
66266f35abfb847e34ec899a,5f0c7ea47cf1495f4587f741,AWAITING REVIEW,Not Applicable,2024-04-22T14:07:52.629000Z,2024-04-22T14:11:01.957000Z,,2024-04-22T14:12:41.886484Z,190.0,CR9UHRS6,7290,No,Against (I feel negatively about the vaccines),2 (DISAGREE),47,Female,White,United States,United States,United States,English,No,Full-Time
66266f962fbbddd534ae1ea1,56849d528f456f000c45e1dd,AWAITING REVIEW,Not Applicable,2024-04-22T14:09:32.089000Z,2024-04-22T14:15:33.189000Z,,2024-04-22T14:17:21.928788Z,362.0,CR9UHRS6,5539,No,Against (I feel negatively about the vaccines),2 (DISAGREE),37,Female,Black,United States,United States,United States,English,Yes,Full-Time
66266f9d981ce0aafb52013c,603ecd847a63f50124aa5822,AWAITING REVIEW,Not Applicable,2024-04-22T14:09:41.702000Z,2024-04-22T14:19:20.257000Z,,2024-04-22T14:21:00.467351Z,579.0,CR9UHRS6,4887,No,Against (I feel negatively about the vaccines),2 (DISAGREE),28,Male,White,United States,United States,United States,English,No,DATA_EXPIRED
66266fa52f00cca89a836ca2,640c92a322b87202716ce6a6,AWAITING REVIEW,Not Applicable,2024-04-22T14:10:00.419000Z,2024-04-22T14:19:04.616000Z,,2024-04-22T14:20:43.300239Z,545.0,CR9UHRS6,868,No,Against (I feel negatively about the vaccines),1 (TOTALLY DISAGREEE),65,Male,White,United States,United States,United States,English,No,Unemployed (and job seeking)
66267005be34342b2b15b9a7,5d7cefc73f9ae70018b400f1,AWAITING REVIEW,Not Applicable,2024-04-22T14:11:21.638000Z,2024-04-22T14:17:18.606000Z,,2024-04-22T14:19:02.914235Z,357.0,CR9UHRS6,4571,No,Against (I feel negatively about the vaccines),1 (TOTALLY DISAGREEE),41,Male,White,United States,United States,United States,English,No,"Not in paid work (e.g. homemaker', 'retired or disabled)"
66267025a9d45126467aad2e,65dcdd8a214a774c36a0714b,AWAITING REVIEW,Not Applicable,2024-04-22T14:11:57.804000Z,2024-04-22T14:19:49.416000Z,,2024-04-22T14:22:04.509644Z,472.0,CR9UHRS6,222,No,Against (I feel negatively about the vaccines),3(SOMEWHAT DISAGREE),51,Female,White,United States,United States,United States,English,No,Part-Time
6626702ef64429ddab635b21,607778a26ff3de83125f50c5,AWAITING REVIEW,Not Applicable,2024-04-22T14:12:03.226000Z,2024-04-22T14:16:19.064000Z,,2024-04-22T14:17:59.682033Z,256.0,CR9UHRS6,2834,No,Against (I feel negatively about the vaccines),2 (DISAGREE),37,Male,Asian,India,United States,United States,English,No,Part-Time
662670c49a97d2d45ae16f23,58d552e09dbe3f00012591f2,AWAITING REVIEW,Not Applicable,2024-04-22T14:14:35.853000Z,2024-04-22T14:21:00.248000Z,,2024-04-22T14:22:47.397233Z,385.0,CR9UHRS6,3161,No,Against (I feel negatively about the vaccines),1 (TOTALLY DISAGREEE),47,Female,White,United States,United States,United States,English,No,Full-Time
662670d3dac20e7d3a954a21,5c97df1f9e1eff001662ed96,AWAITING REVIEW,Not Applicable,2024-04-22T14:14:47.982000Z,2024-04-22T14:19:29.370000Z,,2024-04-22T14:21:18.750158Z,282.0,CR9UHRS6,2638,No,Against (I feel negatively about the vaccines),1 (TOTALLY DISAGREEE),30,Female,White,United States,United States,United States,English,No,Part-Time
662670de8cd8ea4fdd52016b,655faf236682f3df8008ac81,AWAITING REVIEW,Not Applicable,2024-04-22T14:14:59.356000Z,2024-04-22T14:28:13.327000Z,,2024-04-22T14:31:28.227949Z,794.0,CR9UHRS6,595,No,Against (I feel negatively about the vaccines),2 (DISAGREE),49,Female,Black,United States,United States,United States,English,No,Full-Time
6626711737ed386f340fd39f,6584461360db3318b8baee08,AWAITING REVIEW,Not Applicable,2024-04-22T14:15:51.386000Z,2024-04-22T14:19:53.907000Z,,2024-04-22T14:22:02.842690Z,243.0,CR9UHRS6,619,No,Against (I feel negatively about the vaccines),1 (TOTALLY DISAGREEE),57,Female,White,United States,United States,United States,English,No,Full-Time
662671b00f62274ec14b220f,5e3079c558a8c8073fdb1ff9,AWAITING REVIEW,Not Applicable,2024-04-22T14:18:29.352000Z,2024-04-22T14:22:22.892000Z,,2024-04-22T14:24:04.668592Z,234.0,CR9UHRS6,8352,No,Against (I feel negatively about the vaccines),3(SOMEWHAT DISAGREE),35,Male,White,United States,United States,United States,English,No,Full-Time
662672096aad18bca42ad415,657327316173c2bd86323378,AWAITING REVIEW,Not Applicable,2024-04-22T14:20:03.914000Z,2024-04-22T14:23:45.855000Z,,2024-04-22T14:25:24.582930Z,222.0,CR9UHRS6,917,No,Against (I feel negatively about the vaccines),1 (TOTALLY DISAGREEE),36,Male,Other,United States,United States,United States,English,No,"Not in paid work (e.g. homemaker', 'retired or disabled)"
662672409a97d2d45ae16fb3,5af1c4dfaec2b600010a96c9,AWAITING REVIEW,Not Applicable,2024-04-22T14:20:56.041000Z,2024-04-22T14:26:21.685000Z,,2024-04-22T14:28:08.994138Z,326.0,CR9UHRS6,472,No,Against (I feel negatively about the vaccines),2 (DISAGREE),55,Female,White,United States,United States,United States,English,No,"Not in paid work (e.g. homemaker', 'retired or disabled)"
66267310173d3d0a180576ce,652d8afc5aaab078ef2baeb3,AWAITING REVIEW,Not Applicable,2024-04-22T14:24:23.387000Z,2024-04-22T14:30:07.292000Z,,2024-04-22T14:33:02.138073Z,344.0,CR9UHRS6,617,No,Against (I feel negatively about the vaccines),3(SOMEWHAT DISAGREE),42,Female,White,United States,United States,United States,English,No,Unemployed (and job seeking)
6626737ac0b1af6fe0378fdb,629e1738fcc7d0b6acfe5280,AWAITING REVIEW,Not Applicable,2024-04-22T14:26:08.220000Z,2024-04-22T14:30:10.459000Z,,2024-04-22T14:33:06.802425Z,243.0,CR9UHRS6,3496,No,Against (I feel negatively about the vaccines),1 (TOTALLY DISAGREEE),42,Male,White,United States,United States,United States,English,Yes,Full-Time
662673b29c650cc48756f88c,6600c0b08f68f313132f20e1,AWAITING REVIEW,Not Applicable,2024-04-22T14:27:03.435000Z,2024-04-22T14:37:28.657000Z,,2024-04-22T14:40:22.814456Z,626.0,CR9UHRS6,35,No,Against (I feel negatively about the vaccines),1 (TOTALLY DISAGREEE),46,Female,White,United States,United States,United States,English,No,DATA_EXPIRED
662673c2e9d8bb542a635bb4,63ed0065eb23ac3ee1726453,AWAITING REVIEW,Not Applicable,2024-04-22T14:27:17.923000Z,2024-04-22T14:36:48.489000Z,,2024-04-22T14:39:42.079221Z,571.0,CR9UHRS6,1995,No,Against (I feel negatively about the vaccines),1 (TOTALLY DISAGREEE),25,Male,White,United States,United States,United States,English,No,Full-Time
662673d22d0ec8b53674e53b,5c6ef14c2cd3cb0001fadd0e,AWAITING REVIEW,Not Applicable,2024-04-22T14:27:34.596000Z,2024-04-22T14:31:36.942000Z,,2024-04-22T14:34:23.805565Z,243.0,CR9UHRS6,4548,No,Against (I feel negatively about the vaccines),1 (TOTALLY DISAGREEE),38,Female,White,United States,United States,United States,English,No,Full-Time
662673e4e62a68128ee5ee1f,63d698af12a4d488c5fdf05a,AWAITING REVIEW,Not Applicable,2024-04-22T14:27:53.029000Z,2024-04-22T14:32:30.995000Z,,2024-04-22T14:35:19.888464Z,278.0,CR9UHRS6,3335,No,Against (I feel negatively about the vaccines),3(SOMEWHAT DISAGREE),36,Male,White,United States,United States,United States,English,No,Unemployed (and job seeking)
662673e9485fda7e5cc9a88e,654a5cddb6eb3f899ca2e126,AWAITING REVIEW,Not Applicable,2024-04-22T14:28:00.766000Z,2024-04-22T14:35:37.861000Z,,2024-04-22T14:38:28.878201Z,458.0,CR9UHRS6,302,No,Against (I feel negatively about the vaccines),3(SOMEWHAT DISAGREE),50,Male,White,United States,United States,United States,English,No,Full-Time
66267495aeafcca5e71e01eb,63d14ff7972a4863e876777c,AWAITING REVIEW,Not Applicable,2024-04-22T14:30:52.675000Z,2024-04-22T14:54:58.693000Z,,2024-04-22T14:58:05.651533Z,1447.0,CR9UHRS6,834,No,Against (I feel negatively about the vaccines),2 (DISAGREE),42,Female,Black,United States,United States,United States,English,No,Full-Time
662674bef7adab56ce836dea,65f4b5d1a054a5cc2f5140b2,AWAITING REVIEW,Not Applicable,2024-04-22T14:31:31.313000Z,2024-04-22T14:36:44.988000Z,,2024-04-22T14:39:42.633524Z,314.0,CR9UHRS6,394,No,Against (I feel negatively about the vaccines),3(SOMEWHAT DISAGREE),42,Male,White,United States,United States,United States,English,No,Full-Time
662674c5aeafcca5e71e01f7,64139f74c36da8c35b846024,AWAITING REVIEW,Not Applicable,2024-04-22T14:31:37.613000Z,2024-04-22T14:44:14.183000Z,,2024-04-22T14:47:03.995306Z,757.0,CR9UHRS6,2199,No,Against (I feel negatively about the vaccines),3(SOMEWHAT DISAGREE),33,Male,White,United States,United States,United States,English,No,Full-Time
662675208422c43e8398764e,5e0777b6814bba1033f6a396,AWAITING REVIEW,Not Applicable,2024-04-22T14:36:07.710000Z,2024-04-22T14:44:20.300000Z,,2024-04-22T14:47:07.761628Z,493.0,CR9UHRS6,752,No,Against (I feel negatively about the vaccines),3(SOMEWHAT DISAGREE),28,Male,White,United States,United States,United States,English,No,Full-Time
6626766b3b9a2b2a73e8a359,65d90ea9ac22aa7ebcee2225,AWAITING REVIEW,Not Applicable,2024-04-22T14:38:44.225000Z,2024-04-22T14:56:05.575000Z,,2024-04-22T14:59:16.425693Z,1042.0,CR9UHRS6,267,No,Against (I feel negatively about the vaccines),1 (TOTALLY DISAGREEE),42,Female,White,United States,United States,United States,English,No,"Not in paid work (e.g. homemaker', 'retired or disabled)"
662676e7c1b21d2e0ee5ef5f,64d56b61fa74be3bd567252c,AWAITING REVIEW,Not Applicable,2024-04-22T14:40:45.038000Z,2024-04-22T14:55:11.972000Z,,2024-04-22T14:58:18.733502Z,867.0,CR9UHRS6,643,No,Against (I feel negatively about the vaccines),1 (TOTALLY DISAGREEE),56,Female,White,United States,United States,United States,English,No,Full-Time
66267727bb341c6cbeee6e81,65fa1769407061426eb0dc37,AWAITING REVIEW,Not Applicable,2024-04-22T14:41:46.803000Z,2024-04-22T14:55:05.100000Z,,2024-04-22T14:58:22.831479Z,799.0,CR9UHRS6,160,No,Against (I feel negatively about the vaccines),3(SOMEWHAT DISAGREE),46,Male,Black,United States,United States,United States,English,No,Full-Time
662677759123b70947ef4c99,65eb6bdb082c131dbe1c1ea0,AWAITING REVIEW,Not Applicable,2024-04-22T14:43:05.364000Z,2024-04-22T14:50:31.142000Z,,2024-04-22T14:53:54.428333Z,446.0,CR9UHRS6,281,No,Against (I feel negatively about the vaccines),3(SOMEWHAT DISAGREE),38,Female,White,United States,United States,United States,English,No,Unemployed (and job seeking)
662677b1b88d8e4ebfbeddba,660746e980779d05e621c506,AWAITING REVIEW,Not Applicable,2024-04-22T14:45:47.883000Z,2024-04-22T14:51:49.481000Z,,2024-04-22T14:55:13.723567Z,362.0,CR9UHRS6,183,No,Against (I feel negatively about the vaccines),3(SOMEWHAT DISAGREE),36,Male,White,United States,United States,United States,English,No,Part-Time
6626780ef4ac9ac7bba4ae7d,65b95ab3dd58f84b0ebf0e0b,AWAITING REVIEW,Not Applicable,2024-04-22T14:45:44.221000Z,2024-04-22T14:52:23.722000Z,,2024-04-22T14:55:34.660733Z,400.0,CR9UHRS6,506,No,Against (I feel negatively about the vaccines),1 (TOTALLY DISAGREEE),23,Female,Black,United States,United States,United States,English,No,"Not in paid work (e.g. homemaker', 'retired or disabled)"
6626781e618ff9954d001323,56494d5b6902220012c4acb7,AWAITING REVIEW,Not Applicable,2024-04-22T14:46:08.573000Z,2024-04-22T14:55:04.424000Z,,2024-04-22T14:58:20.707009Z,536.0,CR9UHRS6,5611,No,Against (I feel negatively about the vaccines),1 (TOTALLY DISAGREEE),62,Female,White,United States,United States,United States,English,No,Part-Time
662678a5be34342b2b15bb65,5ca88c7900dbf0000127c5d5,AWAITING REVIEW,Not Applicable,2024-04-22T14:48:10.043000Z,2024-04-22T15:05:53.453000Z,,2024-04-22T15:08:58.524442Z,1064.0,CR9UHRS6,2409,No,Against (I feel negatively about the vaccines),1 (TOTALLY DISAGREEE),38,Male,White,United States,United States,United States,English,No,Full-Time
662678bece23bfd2d389a2ea,65e8cf8f4c7424fa062e54a3,AWAITING REVIEW,Not Applicable,2024-04-22T14:48:34.704000Z,2024-04-22T14:55:29.643000Z,,2024-04-22T14:58:35.864275Z,415.0,CR9UHRS6,243,No,Against (I feel negatively about the vaccines),1 (TOTALLY DISAGREEE),30,Female,White,United States,United States,United States,English,No,Part-Time
662678ec9d92dff489d6082c,574eab79c18847000e071119,AWAITING REVIEW,Not Applicable,2024-04-22T14:54:46.573000Z,2024-04-22T15:05:51.320000Z,,2024-04-22T15:08:52.294599Z,665.0,CR9UHRS6,4805,No,Against (I feel negatively about the vaccines),3(SOMEWHAT DISAGREE),43,Female,Black,United States,United States,United States,English,No,Part-Time
662678f908eb3254be6a8dfc,63644514902f60174b4b29a1,AWAITING REVIEW,Not Applicable,2024-04-22T14:49:35.675000Z,2024-04-22T15:04:41.861000Z,,2024-04-22T15:07:38.415562Z,907.0,CR9UHRS6,2064,No,Against (I feel negatively about the vaccines),2 (DISAGREE),60,Female,White,Korea,United States,United States,English,No,Unemployed (and job seeking)
66267a65a58f7f325f92db05,6602ce6267191d285a324221,AWAITING REVIEW,Not Applicable,2024-04-22T14:55:42.033000Z,2024-04-22T15:02:29.972000Z,,2024-04-22T15:05:24.738670Z,408.0,CR9UHRS6,190,No,Against (I feel negatively about the vaccines),1 (TOTALLY DISAGREEE),29,Female,Black,United States,United States,United States,English,No,Unemployed (and job seeking)
66267a67c8cf29e70bef4d21,65e9ced91365812f0b0bea04,AWAITING REVIEW,Not Applicable,2024-04-22T14:55:37.721000Z,2024-04-22T15:04:14.544000Z,,2024-04-22T15:07:10.580352Z,517.0,CR9UHRS6,257,No,Against (I feel negatively about the vaccines),2 (DISAGREE),35,Male,Black,United States,United States,United States,English,No,DATA_EXPIRED
66267afd823b1ba635383fc9,61bb392e40db417c1a138dcb,AWAITING REVIEW,Not Applicable,2024-04-22T14:58:16.901000Z,2024-04-22T15:05:04.328000Z,,2024-04-22T15:08:05.614861Z,408.0,CR9UHRS6,6113,No,Against (I feel negatively about the vaccines),1 (TOTALLY DISAGREEE),50,Female,White,United States,United States,United States,English,No,Full-Time
66267b62c72c3a60d32054e0,6266aa7132e3a5bf1631ac1b,AWAITING REVIEW,Not Applicable,2024-04-22T14:59:51.458000Z,2024-04-22T15:07:22.246000Z,,2024-04-22T15:10:24.272945Z,451.0,CR9UHRS6,3118,No,Against (I feel negatively about the vaccines),1 (TOTALLY DISAGREEE),53,Female,White,United States,United States,United States,English,No,DATA_EXPIRED
66267bce4b3e252983954d20,65ff6765704c89daf32f6ddd,AWAITING REVIEW,Not Applicable,2024-04-22T15:01:39.213000Z,2024-04-22T15:06:27.743000Z,,2024-04-22T15:09:41.662925Z,289.0,CR9UHRS6,257,No,Against (I feel negatively about the vaccines),1 (TOTALLY DISAGREEE),39,Female,White,United States,United States,United States,English,No,"Not in paid work (e.g. homemaker', 'retired or disabled)"
66267be469ebdbcf14ae2259,655f674bdba72a1c9b1bf638,AWAITING REVIEW,Not Applicable,2024-04-22T15:02:40.146000Z,2024-04-22T15:14:09.055000Z,,2024-04-22T15:17:23.874238Z,689.0,CR9UHRS6,920,No,Against (I feel negatively about the vaccines),3(SOMEWHAT DISAGREE),56,Female,White,United States,United States,United States,English,No,Part-Time
66267c9b4047b10b25cd6ce7,5d7047d764b37b0017ffa710,AWAITING REVIEW,Not Applicable,2024-04-22T15:05:03.472000Z,2024-04-22T15:11:34.834000Z,,2024-04-22T15:15:00.059685Z,392.0,CR9UHRS6,3532,No,Against (I feel negatively about the vaccines),2 (DISAGREE),52,Female,White,United States,United States,United States,English,No,"Not in paid work (e.g. homemaker', 'retired or disabled)"
66267c9df3e9c0482300cea2,5b21c4ab31d0080001b9f55e,AWAITING REVIEW,Not Applicable,2024-04-22T15:05:05.417000Z,2024-04-22T15:11:15.543000Z,,2024-04-22T15:14:25.130572Z,371.0,CR9UHRS6,5440,No,Against (I feel negatively about the vaccines),1 (TOTALLY DISAGREEE),27,Female,White,United States,United States,United States,English,No,"Not in paid work (e.g. homemaker', 'retired or disabled)"
66267d4243b2821162484d42,66183558fbb603eb292458d0,AWAITING REVIEW,Not Applicable,2024-04-22T15:08:16.457000Z,2024-04-22T15:17:20.189000Z,,2024-04-22T15:20:58.170189Z,544.0,CR9UHRS6,57,No,Against (I feel negatively about the vaccines),2 (DISAGREE),28,Male,White,United States,United States,United States,English,No,Full-Time
66267d593d9056414f9063d4,5f50732850c7c600098593df,AWAITING REVIEW,Not Applicable,2024-04-22T15:08:25.475000Z,2024-04-22T15:13:16.347000Z,,2024-04-22T15:16:29.384022Z,291.0,CR9UHRS6,3946,No,Against (I feel negatively about the vaccines),2 (DISAGREE),25,Male,Black,United States,United States,United States,English,Yes,Full-Time
66267d6ce62a68128ee5f05d,5de7d10810088f749c347bb6,AWAITING REVIEW,Not Applicable,2024-04-22T15:12:53.969000Z,2024-04-22T15:23:52.474000Z,,2024-04-22T15:27:35.043563Z,659.0,CR9UHRS6,1360,No,Against (I feel negatively about the vaccines),3(SOMEWHAT DISAGREE),69,Female,White,United States,United States,United States,English,No,"Not in paid work (e.g. homemaker', 'retired or disabled)"
66267d87d6e8b7d5606a8e72,661314497dbe0ac13bdb6020,AWAITING REVIEW,Not Applicable,2024-04-22T15:09:01.172000Z,2024-04-22T15:47:36.537000Z,,2024-04-22T16:10:26.966279Z,2316.0,NOCODE,23,No,Against (I feel negatively about the vaccines),1 (TOTALLY DISAGREEE),42,Male,White,United States,United States,United States,English,No,Full-Time
66267e2aa6eabeee5a1e0430,5a09ebdf087f2e0001eae39f,AWAITING REVIEW,Not Applicable,2024-04-22T15:11:42.747000Z,2024-04-22T15:16:28.171000Z,,2024-04-22T15:19:51.067336Z,286.0,CR9UHRS6,926,No,Against (I feel negatively about the vaccines),3(SOMEWHAT DISAGREE),31,Female,White,United States,United States,United States,English,No,"Not in paid work (e.g. homemaker', 'retired or disabled)"
66267e83c3aaef069b10cdef,66240654c422622ea306c07a,AWAITING REVIEW,Not Applicable,2024-04-22T15:13:10.971000Z,2024-04-22T15:18:54.474000Z,,2024-04-22T15:22:24.568038Z,344.0,CR9UHRS6,12,No,Against (I feel negatively about the vaccines),3(SOMEWHAT DISAGREE),30,Male,White,United States,United States,United States,English,No,Full-Time
66267e9e5a3fed61050cf186,6238dfab577ecd4adb97a917,AWAITING REVIEW,Not Applicable,2024-04-22T15:13:40.678000Z,2024-04-22T15:19:31.345000Z,,2024-04-22T15:23:00.984103Z,351.0,CR9UHRS6,3984,No,Against (I feel negatively about the vaccines),1 (TOTALLY DISAGREEE),51,Male,White,United States,United States,United States,English,No,Full-Time
66267f7a086f37d8f9d7112a,5e8b89d0afcb1606e761ef7f,AWAITING REVIEW,Not Applicable,2024-04-22T15:17:21.902000Z,2024-04-22T15:26:39.098000Z,,2024-04-22T15:30:32.902275Z,558.0,CR9UHRS6,6610,No,Against (I feel negatively about the vaccines),1 (TOTALLY DISAGREEE),35,Male,White,United States,United States,United States,English,No,Full-Time
66267fab37bb1a5ab06a86b8,63d7c7cc6818efd3fd8dfc80,AWAITING REVIEW,Not Applicable,2024-04-22T15:18:11.473000Z,2024-04-22T15:24:51.211000Z,,2024-04-22T15:28:37.044104Z,400.0,CR9UHRS6,1156,No,Against (I feel negatively about the vaccines),3(SOMEWHAT DISAGREE),51,Female,White,United States,United States,United States,English,No,Other
66267fcd490b9ea0d3940415,6612bf98687129c04038e292,AWAITING REVIEW,Not Applicable,2024-04-22T15:18:42.314000Z,2024-04-22T15:32:43.509000Z,,2024-04-22T15:37:18.473580Z,842.0,CR9UHRS6,38,No,Against (I feel negatively about the vaccines),1 (TOTALLY DISAGREEE),72,Male,White,United States,United States,United States,English,No,"Not in paid work (e.g. homemaker', 'retired or disabled)"
6626801e086f37d8f9d71153,612bb0204ad8e7e8bed041eb,AWAITING REVIEW,Not Applicable,2024-04-22T15:20:08.877000Z,2024-04-22T15:26:23.516000Z,,2024-04-22T15:30:17.808762Z,375.0,CR9UHRS6,5208,No,Against (I feel negatively about the vaccines),1 (TOTALLY DISAGREEE),39,Male,White,United States,United States,United States,English,No,Full-Time
662680b12d0ec8b53674e8a4,63225b65b2d6e889f7289909,AWAITING REVIEW,Not Applicable,2024-04-22T15:23:37.278000Z,2024-04-22T15:33:37.946000Z,,2024-04-22T15:39:03.171542Z,601.0,CR9UHRS6,5058,No,Against (I feel negatively about the vaccines),2 (DISAGREE),49,Male,White,United States,United States,United States,English,No,Full-Time
662680c0f50061f7a8a64dc9,64dd0d6827d312a7fe7e84bd,AWAITING REVIEW,Not Applicable,2024-04-22T15:22:45.314000Z,2024-04-22T15:26:56.762000Z,,2024-04-22T15:30:53.037392Z,252.0,CR9UHRS6,416,No,Against (I feel negatively about the vaccines),1 (TOTALLY DISAGREEE),56,Male,White,Canada,United States,United States,English,No,Full-Time
662680f8eb774c13ee83587a,5d6685743002780001a967c9,AWAITING REVIEW,Not Applicable,2024-04-22T15:23:46.379000Z,2024-04-22T15:37:08.979000Z,,2024-04-22T15:42:45.191759Z,803.0,CR9UHRS6,589,No,Against (I feel negatively about the vaccines),2 (DISAGREE),31,Female,White,United States,United States,United States,English,No,Full-Time
6626812df0b617e27c73ac56,65981a1325b701ea0f820160,AWAITING REVIEW,Not Applicable,2024-04-22T15:24:34.229000Z,2024-04-22T15:27:59.025000Z,,2024-04-22T15:32:02.245760Z,205.0,CR9UHRS6,419,No,Against (I feel negatively about the vaccines),3(SOMEWHAT DISAGREE),32,Female,White,United States,United States,United States,English,No,Full-Time
6626821737bb1a5ab06a8750,65de28298e9a6e841cf8e02e,AWAITING REVIEW,Not Applicable,2024-04-22T15:28:30.240000Z,2024-04-22T15:40:22.984000Z,,2024-04-22T15:47:13.259845Z,713.0,CR9UHRS6,235,No,Against (I feel negatively about the vaccines),1 (TOTALLY DISAGREEE),63,Male,White,United States,United States,United States,English,No,Other
662682574f7438564dec8bf4,65e3573918e580e20c6a9628,AWAITING REVIEW,Not Applicable,2024-04-22T15:29:33.135000Z,2024-04-22T15:37:46.815000Z,,2024-04-22T15:43:19.678467Z,494.0,CR9UHRS6,300,No,Against (I feel negatively about the vaccines),2 (DISAGREE),55,Female,White,United States,United States,United States,English,No,Full-Time
6626826437bb1a5ab06a8760,58c3c835334d5b0001d6374e,AWAITING REVIEW,Not Applicable,2024-04-22T15:29:45.439000Z,2024-04-22T15:34:48.891000Z,,2024-04-22T15:40:12.938811Z,304.0,CR9UHRS6,4192,No,Against (I feel negatively about the vaccines),2 (DISAGREE),66,DATA_EXPIRED,DATA_EXPIRED,Canada,United States,United States,English,No,DATA_EXPIRED
662682bd4b3e252983954ebf,5e5c88c3be924d475ff0fc34,AWAITING REVIEW,Not Applicable,2024-04-22T15:31:13.464000Z,2024-04-22T15:34:26.405000Z,,2024-04-22T15:40:04.672107Z,193.0,CR9UHRS6,4736,No,Against (I feel negatively about the vaccines),1 (TOTALLY DISAGREEE),39,Female,White,United States,United States,United States,English,No,"Not in paid work (e.g. homemaker', 'retired or disabled)"
6626830b4047b10b25cd6e15,603710141b1ed2313448234a,AWAITING REVIEW,Not Applicable,2024-04-22T15:33:03.212000Z,2024-04-22T15:38:53.677000Z,,2024-04-22T15:44:47.816893Z,351.0,CR9UHRS6,119,No,Against (I feel negatively about the vaccines),2 (DISAGREE),33,Female,White,United States,United States,United States,English,No,Unemployed (and job seeking)
66268318d242c882d608d184,65f9a91cdd36336301655cde,AWAITING REVIEW,Not Applicable,2024-04-22T15:32:47.055000Z,2024-04-22T15:40:59.867000Z,,2024-04-22T15:48:15.032422Z,493.0,CR9UHRS6,117,No,Against (I feel negatively about the vaccines),3(SOMEWHAT DISAGREE),42,Female,White,United States,United States,United States,English,No,DATA_EXPIRED
662683ab4de0a64ea0a57c7a,644123f5b400058bcb5b2e7a,AWAITING REVIEW,Not Applicable,2024-04-22T15:35:19.539000Z,2024-04-22T15:39:44.323000Z,,2024-04-22T15:45:58.686464Z,265.0,CR9UHRS6,317,No,Against (I feel negatively about the vaccines),3(SOMEWHAT DISAGREE),62,Male,White,United States,United States,United States,English,No,Full-Time
66268439599ef1937a88ebd8,5c1976c90d57c30001b4162c,AWAITING REVIEW,Not Applicable,2024-04-22T15:38:05.203000Z,2024-04-22T15:57:09.796000Z,,2024-04-22T16:26:05.746313Z,1145.0,CR9UHRS6,6706,No,Against (I feel negatively about the vaccines),3(SOMEWHAT DISAGREE),72,Female,White,United States,United States,United States,English,No,"Not in paid work (e.g. homemaker', 'retired or disabled)"
66268484f8a4c8b5a98fcc60,5c55c45f53fba80001bcf323,AWAITING REVIEW,Not Applicable,2024-04-22T15:39:41.120000Z,2024-04-22T15:51:40.943000Z,,2024-04-22T16:23:50.697588Z,720.0,CR9UHRS6,4069,No,Against (I feel negatively about the vaccines),2 (DISAGREE),32,Female,Mixed,United States,United States,United States,English,No,Other
66268601d3e4988741c30551,65c14037bc242a29a176b12c,AWAITING REVIEW,Not Applicable,2024-04-22T15:47:11.412000Z,2024-04-22T15:57:58.722000Z,,2024-04-22T16:25:53.416666Z,648.0,CR9UHRS6,129,No,Against (I feel negatively about the vaccines),1 (TOTALLY DISAGREEE),34,Female,Black,United States,United States,United States,English,No,Part-Time
66268696288c7297e7bf74c7,628fa8e2c2516fe9c6bfe0be,AWAITING REVIEW,Not Applicable,2024-04-22T15:47:38.494000Z,2024-04-22T15:56:27.178000Z,,2024-04-22T16:25:53.891495Z,529.0,CR9UHRS6,3514,No,Against (I feel negatively about the vaccines),1 (TOTALLY DISAGREEE),45,Male,White,United States,United States,United States,English,No,Full-Time
662686bb599ef1937a88ec8d,62e19208352cd518d7b2f085,AWAITING REVIEW,Not Applicable,2024-04-22T15:49:36.692000Z,2024-04-22T16:01:41.221000Z,,2024-04-22T16:26:10.367663Z,725.0,CR9UHRS6,1695,No,Against (I feel negatively about the vaccines),3(SOMEWHAT DISAGREE),34,Male,White,United States,United States,United States,English,No,Full-Time
662687252feada930efa3029,615628491d10d2dda4037437,AWAITING REVIEW,Not Applicable,2024-04-22T15:50:04.018000Z,2024-04-22T15:55:47.327000Z,,2024-04-22T16:25:38.892951Z,344.0,CR9UHRS6,2227,No,Against (I feel negatively about the vaccines),3(SOMEWHAT DISAGREE),62,Female,White,United States,United States,United States,English,No,Unemployed (and job seeking)
66268742823b1ba635384307,62ad17e032a85a4ca119b289,AWAITING REVIEW,Not Applicable,2024-04-22T15:53:39.496000Z,2024-04-22T16:04:24.614000Z,,2024-04-22T16:26:22.322922Z,646.0,CR9UHRS6,2445,No,Against (I feel negatively about the vaccines),2 (DISAGREE),44,Male,Other,United States,United States,United States,English,No,Full-Time
662688d1b1a59547e2d60c6e,55b6ed4afdf99b437183fa6f,AWAITING REVIEW,Not Applicable,2024-04-22T16:01:44.403000Z,2024-04-22T16:17:19.594000Z,,2024-04-22T16:27:04.365696Z,936.0,CR9UHRS6,5231,No,Against (I feel negatively about the vaccines),1 (TOTALLY DISAGREEE),51,Female,White,United States,United States,United States,English,No,Full-Time
662688fda1fb1f02b718ee08,65b7df79bd16de5cd6a3a12b,AWAITING REVIEW,Not Applicable,2024-04-22T15:57:53.754000Z,2024-04-22T16:06:14.443000Z,,2024-04-22T16:26:33.657132Z,501.0,CR9UHRS6,767,No,Against (I feel negatively about the vaccines),2 (DISAGREE),33,Female,Other,United States,United States,United States,English,No,Full-Time
662689af013f4dccf508d1c5,5fc6e3a0040c3f0e7cb45c8a,AWAITING REVIEW,Not Applicable,2024-04-22T16:00:54.421000Z,2024-04-22T16:20:46.821000Z,,2024-04-22T16:27:10.736014Z,1193.0,CR9UHRS6,6166,No,Against (I feel negatively about the vaccines),1 (TOTALLY DISAGREEE),34,Female,White,United States,United States,United States,English,No,"Not in paid work (e.g. homemaker', 'retired or disabled)"
662689c9823b1ba6353843aa,5cbcfce214b3cb0015f03471,AWAITING REVIEW,Not Applicable,2024-04-22T16:01:19.593000Z,2024-04-22T16:05:38.442000Z,,2024-04-22T16:26:30.056840Z,259.0,CR9UHRS6,7506,No,Against (I feel negatively about the vaccines),1 (TOTALLY DISAGREEE),45,Male,White,United States,United States,United States,English,Yes,Full-Time
66268ac43b9d4770edb40c0e,613366e345d6b43d9fd2988e,AWAITING REVIEW,Not Applicable,2024-04-22T16:05:30.501000Z,2024-04-22T16:21:09.654000Z,,2024-04-22T16:27:12.826616Z,940.0,CR9UHRS6,2225,No,Against (I feel negatively about the vaccines),3(SOMEWHAT DISAGREE),42,Female,Black,United States,United States,United States,English,Yes,Full-Time
66268ac769ebdbcf14ae25e1,61766e9e5daf1f0ae95530f8,AWAITING REVIEW,Not Applicable,2024-04-22T16:05:33.288000Z,2024-04-22T16:09:45.360000Z,,2024-04-22T16:26:46.290598Z,253.0,CR9UHRS6,2706,No,Against (I feel negatively about the vaccines),3(SOMEWHAT DISAGREE),30,Female,White,United States,United States,United States,English,No,Full-Time
66268af8f3e9c0482300d22c,5d54b8ec05ac770018f22718,AWAITING REVIEW,Not Applicable,2024-04-22T16:06:22.277000Z,2024-04-22T16:11:50.517000Z,,2024-04-22T16:26:50.839791Z,329.0,CR9UHRS6,807,No,Against (I feel negatively about the vaccines),2 (DISAGREE),30,Female,White,United States,United States,United States,English,No,Unemployed (and job seeking)
66268ba548da200b33928887,59dc4083ae9f950001d83b4b,AWAITING REVIEW,Not Applicable,2024-04-22T16:09:17.254000Z,2024-04-22T16:17:17.721000Z,,2024-04-22T16:27:03.480507Z,481.0,CR9UHRS6,3664,No,Against (I feel negatively about the vaccines),1 (TOTALLY DISAGREEE),51,Female,White,United States,United States,United States,English,No,Full-Time
66268c04231e708677771b00,65ec884f351767d75ba74d1f,AWAITING REVIEW,Not Applicable,2024-04-22T16:10:51.673000Z,2024-04-22T16:13:30.737000Z,,2024-04-22T16:26:54.051600Z,160.0,CR9UHRS6,282,No,Against (I feel negatively about the vaccines),1 (TOTALLY DISAGREEE),33,Female,Asian,United States,United States,United States,English,No,Part-Time
66268c57c72c3a60d32058d8,60fee7d1e674a0c1c1c7bd3d,AWAITING REVIEW,Not Applicable,2024-04-22T16:12:14.234000Z,2024-04-22T16:17:26.947000Z,,2024-04-22T16:27:03.947369Z,313.0,CR9UHRS6,1315,No,Against (I feel negatively about the vaccines),1 (TOTALLY DISAGREEE),30,Female,Black,United States,United States,United States,English,Yes,Unemployed (and job seeking)
66268d3de6c0a1a66cd969ac,60fb024cbfd74cc251c6f9b0,AWAITING REVIEW,Not Applicable,2024-04-22T16:23:47.925000Z,2024-04-22T16:50:54.296000Z,,2024-04-22T16:53:16.328931Z,1627.0,CR9UHRS6,295,No,Against (I feel negatively about the vaccines),1 (TOTALLY DISAGREEE),45,Male,White,United States,United States,United States,English,No,Full-Time
66268e90f0b617e27c73aefe,6584d87dfcbd1dc12f74be98,AWAITING REVIEW,Not Applicable,2024-04-22T16:21:43.889000Z,2024-04-22T16:26:10.766000Z,,2024-04-22T16:28:31.206765Z,267.0,CR9UHRS6,699,No,Against (I feel negatively about the vaccines),3(SOMEWHAT DISAGREE),43,Female,White,United States,United States,United States,English,No,Part-Time
66268f2fabf053b76c8cbd4c,6016b656600dc185acab2cc1,AWAITING REVIEW,Not Applicable,2024-04-22T16:24:22.433000Z,2024-04-22T16:31:02.598000Z,,2024-04-22T16:33:06.812299Z,401.0,CR9UHRS6,2180,No,Against (I feel negatively about the vaccines),3(SOMEWHAT DISAGREE),29,Female,White,United States,United States,United States,English,No,Part-Time
66268f4c3ccd1019c4c4623f,65ca9c729a13f898ae374552,AWAITING REVIEW,Not Applicable,2024-04-22T16:27:08.944000Z,2024-04-22T16:30:45.774000Z,,2024-04-22T16:32:40.537468Z,217.0,CR9UHRS6,492,No,Against (I feel negatively about the vaccines),1 (TOTALLY DISAGREEE),36,Female,Black,United States,United States,United States,English,No,Other
66269036d6e8b7d5606a9246,5b6bc3927f92050001a51696,AWAITING REVIEW,Not Applicable,2024-04-22T16:30:07.889000Z,2024-04-22T16:33:21.681000Z,,2024-04-22T16:35:06.996686Z,194.0,CR9UHRS6,5783,No,Against (I feel negatively about the vaccines),1 (TOTALLY DISAGREEE),31,Female,White,United States,United States,United States,English,No,Full-Time
662690ac23eb43d85e49d4d5,65d219ae5dfcb3e376af3e01,AWAITING REVIEW,Not Applicable,2024-04-22T16:30:42.518000Z,2024-04-22T16:51:00.839000Z,,2024-04-22T16:53:16.810999Z,1219.0,CR9UHRS6,354,No,Against (I feel negatively about the vaccines),3(SOMEWHAT DISAGREE),30,Female,Mixed,United States,United States,United States,English,No,Full-Time
662691a57f1eb94ecc6fb1b3,65c140b80efce0ed096216e3,AWAITING REVIEW,Not Applicable,2024-04-22T16:34:58.866000Z,2024-04-22T16:41:16.182000Z,,2024-04-22T16:42:34.931526Z,378.0,CR9UHRS6,294,No,Against (I feel negatively about the vaccines),2 (DISAGREE),36,Female,Black,United States,United States,United States,English,No,"Not in paid work (e.g. homemaker', 'retired or disabled)"
662691a7652dbcff631ba705,632a1ae0d2c0c28e680e9c5a,AWAITING REVIEW,Not Applicable,2024-04-22T16:34:52.586000Z,2024-04-22T16:38:48.326000Z,,2024-04-22T16:40:04.459940Z,236.0,CR9UHRS6,172,No,Against (I feel negatively about the vaccines),1 (TOTALLY DISAGREEE),39,Male,White,United States,United States,United States,English,No,Unemployed (and job seeking)
6626926f441da04f6b14cebe,65f7befe8f857b187132a2ec,AWAITING REVIEW,Not Applicable,2024-04-22T16:38:13.089000Z,2024-04-22T16:44:24.904000Z,,2024-04-22T16:45:47.691471Z,372.0,CR9UHRS6,87,No,Against (I feel negatively about the vaccines),3(SOMEWHAT DISAGREE),50,Female,White,United States,United States,United States,English,No,Other
6626929c6431f30a73b6f291,6500a0fad9712a314c43f1d0,AWAITING REVIEW,Not Applicable,2024-04-22T16:39:00.670000Z,2024-04-22T16:44:00.671000Z,,2024-04-22T16:45:18.147762Z,301.0,CR9UHRS6,574,No,Against (I feel negatively about the vaccines),1 (TOTALLY DISAGREEE),33,Female,White,United States,United States,United States,English,No,Part-Time
662692b27da9f3042477f547,5dd1df8fb48da3240ca85c45,AWAITING REVIEW,Not Applicable,2024-04-22T16:39:19.916000Z,2024-04-22T16:46:56.458000Z,,2024-04-22T16:48:28.608235Z,457.0,CR9UHRS6,2092,No,Against (I feel negatively about the vaccines),3(SOMEWHAT DISAGREE),48,Female,White,United States,United States,United States,English,No,"Not in paid work (e.g. homemaker', 'retired or disabled)"
662692be320addb314fda1ac,5efe6daf6a2551378201893e,AWAITING REVIEW,Not Applicable,2024-04-22T16:39:57.498000Z,2024-04-22T16:44:50.753000Z,,2024-04-22T16:46:10.069131Z,294.0,CR9UHRS6,3389,No,Against (I feel negatively about the vaccines),2 (DISAGREE),52,Male,White,United States,United States,United States,English,No,Part-Time
6626930aef0a0d2517ca08a7,6571d0350d34775921b333c5,AWAITING REVIEW,Not Applicable,2024-04-22T16:40:49.638000Z,2024-04-22T16:49:00.696000Z,,2024-04-22T16:51:56.694066Z,492.0,CR9UHRS6,639,No,Against (I feel negatively about the vaccines),3(SOMEWHAT DISAGREE),37,Male,White,United States,United States,United States,English,Yes,Full-Time
6626933f59b99d222d8171a3,661c72551ca02274ef3b9129,AWAITING REVIEW,Not Applicable,2024-04-22T16:41:48.062000Z,2024-04-22T17:03:39.324000Z,,2024-04-22T17:05:07.670519Z,1312.0,CR9UHRS6,11,No,Against (I feel negatively about the vaccines),1 (TOTALLY DISAGREEE),54,Female,White,United States,United States,United States,English,No,Part-Time
662694157840492027c936e5,5914b7b50a4b9d0001add64f,AWAITING REVIEW,Not Applicable,2024-04-22T16:45:12.962000Z,2024-04-22T16:49:06.227000Z,,2024-04-22T16:51:44.153803Z,234.0,CR9UHRS6,3075,No,Against (I feel negatively about the vaccines),1 (TOTALLY DISAGREEE),36,Male,White,United States,United States,United States,English,Yes,Full-Time
66269452ec0dad5bcfda33fd,642c9e92b3a29facaa9f48a0,AWAITING REVIEW,Not Applicable,2024-04-22T16:46:16.923000Z,2024-04-22T16:56:56.779000Z,,2024-04-22T16:59:01.235877Z,640.0,CR9UHRS6,882,No,Against (I feel negatively about the vaccines),2 (DISAGREE),56,Male,White,United States,United States,United States,English,Yes,Full-Time
662695c159b99d222d81724c,5c65b3d45416680001bed9fa,AWAITING REVIEW,Not Applicable,2024-04-22T16:52:52.258000Z,2024-04-22T17:03:01.712000Z,,2024-04-22T17:04:42.352575Z,610.0,CR9UHRS6,4464,No,Against (I feel negatively about the vaccines),2 (DISAGREE),58,Male,White,United States,United States,United States,English,No,Part-Time
662695cc4c7f0c00a32534f9,6286883dfdadd2d772aa2a72,AWAITING REVIEW,Not Applicable,2024-04-22T16:52:35.983000Z,2024-04-22T17:08:13.944000Z,,2024-04-22T17:09:50.649092Z,938.0,CR9UHRS6,1325,No,Against (I feel negatively about the vaccines),3(SOMEWHAT DISAGREE),51,Male,White,United States,United States,United States,English,No,Part-Time
662696c6a0c74cf023e2b99d,63d193c45e01ccb694993e7f,AWAITING REVIEW,Not Applicable,2024-04-22T16:56:47.224000Z,2024-04-22T17:08:07.963000Z,,2024-04-22T17:09:45.680294Z,681.0,CR9UHRS6,4199,No,Against (I feel negatively about the vaccines),2 (DISAGREE),42,Male,White,United States,United States,United States,English,No,Full-Time
662696e0292f5feb4f03d574,642c4f6e95f13dc4c1b54712,AWAITING REVIEW,Not Applicable,2024-04-22T16:57:13.689000Z,2024-04-22T17:07:27.483000Z,,2024-04-22T17:08:54.434948Z,614.0,CR9UHRS6,1168,No,Against (I feel negatively about the vaccines),3(SOMEWHAT DISAGREE),50,Male,White,United States,United States,United States,English,No,Unemployed (and job seeking)
6626990d36f04a0be9b0953f,5b6d9fa021dca60001d13f02,AWAITING REVIEW,Not Applicable,2024-04-22T17:06:31.382000Z,2024-04-22T17:20:43.501000Z,,2024-04-22T17:22:12.544102Z,853.0,CR9UHRS6,1867,No,Against (I feel negatively about the vaccines),2 (DISAGREE),39,Female,White,United States,United States,United States,English,No,Full-Time
66269928010213d7a756f1ae,6085e7b2cefdf1c11ed41546,AWAITING REVIEW,Not Applicable,2024-04-22T17:06:55.301000Z,2024-04-22T17:11:27.937000Z,,2024-04-22T17:13:26.633370Z,273.0,CR9UHRS6,934,No,Against (I feel negatively about the vaccines),1 (TOTALLY DISAGREEE),42,Female,Black,United States,United States,United States,English,No,Full-Time
66269a709f562107de1bbf2e,660ea96849b96ac7f24c6878,AWAITING REVIEW,Not Applicable,2024-04-22T17:12:22.515000Z,2024-04-22T17:21:33.060000Z,,2024-04-22T17:23:01.452444Z,551.0,CR9UHRS6,142,No,Against (I feel negatively about the vaccines),1 (TOTALLY DISAGREEE),48,Female,White,United States,United States,United States,English,No,"Not in paid work (e.g. homemaker', 'retired or disabled)"
66269b18ef0a0d2517ca0a6d,653f2424042d03012eb92ef5,AWAITING REVIEW,Not Applicable,2024-04-22T17:21:24.031000Z,2024-04-22T17:32:47.079000Z,,2024-04-22T17:34:51.545737Z,684.0,CR9UHRS6,1250,No,Against (I feel negatively about the vaccines),3(SOMEWHAT DISAGREE),67,Female,White,United States,United States,United States,English,No,Part-Time
66269b23b234f579116ffca7,6593443d4000890470adb313,AWAITING REVIEW,Not Applicable,2024-04-22T17:15:22.148000Z,2024-04-22T17:38:57.336000Z,,2024-04-22T17:41:25.451748Z,1416.0,CR9UHRS6,669,No,Against (I feel negatively about the vaccines),2 (DISAGREE),44,Female,Black,United States,United States,United States,English,No,Full-Time
66269c158f532f15b1c54479,65f772f3aa9026db59ec6685,AWAITING REVIEW,Not Applicable,2024-04-22T17:19:22.169000Z,2024-04-22T17:24:47.809000Z,,2024-04-22T17:26:31.324623Z,326.0,CR9UHRS6,287,No,Against (I feel negatively about the vaccines),1 (TOTALLY DISAGREEE),39,Female,White,United States,United States,United States,English,No,"Not in paid work (e.g. homemaker', 'retired or disabled)"
66269cb2866d6d34b23fd3c4,62bb42e2f21cfdb280cc975f,AWAITING REVIEW,Not Applicable,2024-04-22T17:22:05.480000Z,2024-04-22T17:49:22.975000Z,,2024-04-22T17:57:16.551138Z,1638.0,CR9UHRS6,4775,No,Against (I feel negatively about the vaccines),1 (TOTALLY DISAGREEE),28,Female,Other,United States,United States,United States,English,Yes,Full-Time
66269d7162fe739f4f14e7fb,5a5da588f6c51700019527c4,AWAITING REVIEW,Not Applicable,2024-04-22T17:25:09.841000Z,2024-04-22T17:28:46.590000Z,,2024-04-22T17:30:34.066733Z,217.0,CR9UHRS6,6411,No,Against (I feel negatively about the vaccines),1 (TOTALLY DISAGREEE),41,Male,Black,United States,United States,United States,English,Yes,Full-Time
66269d8e036faaa95bf0593d,655e6b9b6bc36290dedd1bdf,AWAITING REVIEW,Not Applicable,2024-04-22T17:25:39.831000Z,2024-04-22T17:36:14.770000Z,,2024-04-22T17:38:31.502902Z,635.0,CR9UHRS6,1009,No,Against (I feel negatively about the vaccines),2 (DISAGREE),44,Female,Mixed,United States,United States,United States,English,No,Full-Time
6626a08fec0dad5bcfda36b1,602b456e7cdd702772f52e13,AWAITING REVIEW,Not Applicable,2024-04-22T17:38:29.866000Z,2024-04-22T17:48:25.478000Z,,2024-04-22T17:55:13.851535Z,596.0,CR9UHRS6,2532,No,Against (I feel negatively about the vaccines),3(SOMEWHAT DISAGREE),46,Male,Other,United States,United States,United States,English,No,"Not in paid work (e.g. homemaker', 'retired or disabled)"
6626a1b9a594743bcd0aa595,5c796f4b4855980016a15557,AWAITING REVIEW,Not Applicable,2024-04-22T17:43:26.733000Z,2024-04-22T17:54:58.576000Z,,2024-04-22T18:10:47.890492Z,692.0,CR9UHRS6,2982,No,Against (I feel negatively about the vaccines),2 (DISAGREE),48,Female,White,Romania,United States,United States,Romanian,No,Other
6626a413220a1edb89d56bfb,661aa17ad7ad8f4657e59dcd,AWAITING REVIEW,Not Applicable,2024-04-22T17:53:30.362000Z,2024-04-22T18:00:07.825000Z,,2024-04-22T18:16:11.506964Z,398.0,CR9UHRS6,51,No,Against (I feel negatively about the vaccines),2 (DISAGREE),26,Male,White,United States,United States,United States,English,DATA_EXPIRED,Unemployed (and job seeking)
6626a5e3f44a8139e1f3fb19,606537639bc40e88e953c584,AWAITING REVIEW,Not Applicable,2024-04-22T18:01:14.920000Z,2024-04-22T18:09:28.802000Z,,2024-04-22T18:46:16.626133Z,494.0,CR9UHRS6,3295,No,Against (I feel negatively about the vaccines),1 (TOTALLY DISAGREEE),35,Prefer not to say,White,United States,United States,United States,English,Yes,Full-Time
6626a63efd65b802d681b340,614f4d4860dfe4045d2e46c5,AWAITING REVIEW,Not Applicable,2024-04-22T18:02:43.758000Z,2024-04-22T18:09:26.483000Z,,2024-04-22T18:46:15.272456Z,403.0,CR9UHRS6,1030,No,Against (I feel negatively about the vaccines),1 (TOTALLY DISAGREEE),35,Female,White,United States,United States,United States,English,DATA_EXPIRED,"Not in paid work (e.g. homemaker', 'retired or disabled)"
6626a6ed1295af395f1069df,5c110067753adc00015913e3,AWAITING REVIEW,Not Applicable,2024-04-22T18:05:40.795000Z,2024-04-22T18:18:22.823000Z,,2024-04-22T18:49:14.895674Z,763.0,CR9UHRS6,4365,No,Against (I feel negatively about the vaccines),3(SOMEWHAT DISAGREE),51,Female,White,United States,United States,United States,English,No,Full-Time
6626a7534e8e4eb0ae03d98e,5d88dcb723dfcc00151fd043,AWAITING REVIEW,Not Applicable,2024-04-22T18:07:26.804000Z,2024-04-22T18:14:05.126000Z,,2024-04-22T18:48:19.930450Z,399.0,CR9UHRS6,4662,No,Against (I feel negatively about the vaccines),1 (TOTALLY DISAGREEE),63,Female,White,United States,United States,United States,English,No,Other
6626a88f86a30c6f762538cb,5c10724111fe9a00013cd815,AWAITING REVIEW,Not Applicable,2024-04-22T18:12:38.070000Z,2024-04-22T18:21:53.826000Z,,2024-04-22T18:49:31.922547Z,556.0,CR9UHRS6,2698,No,Against (I feel negatively about the vaccines),1 (TOTALLY DISAGREEE),58,Female,Black,United States,United States,United States,English,No,Full-Time
6626a9ac010213d7a756f529,6609d74682c4a03389ac89dd,AWAITING REVIEW,Not Applicable,2024-04-22T18:17:22.870000Z,2024-04-22T18:28:18.694000Z,,2024-04-22T18:49:58.573067Z,656.0,CR9UHRS6,135,No,Against (I feel negatively about the vaccines),3(SOMEWHAT DISAGREE),28,Male,Asian,United States,United States,United States,English,No,Full-Time
6626aac63ef2ec6f2ec21f9e,6537d0b80fdd63759b36b4a4,AWAITING REVIEW,Not Applicable,2024-04-22T18:22:05.573000Z,2024-04-22T18:30:11.002000Z,,2024-04-22T18:50:03.623879Z,486.0,CR9UHRS6,504,No,Against (I feel negatively about the vaccines),1 (TOTALLY DISAGREEE),19,Male,White,United States,United States,United States,English,No,Other
6626ac37487bb91b44e23c96,60bf0588f7ab7b40dd34083f,AWAITING REVIEW,Not Applicable,2024-04-22T18:29:05.817000Z,2024-04-22T18:34:25.318000Z,,2024-04-22T18:50:15.914406Z,320.0,CR9UHRS6,1412,No,Against (I feel negatively about the vaccines),2 (DISAGREE),35,Female,Black,United States,United States,United States,English,Yes,Full-Time
6626aca3c81552aa0841faed,6501b7e14d8db7ac93372866,AWAITING REVIEW,Not Applicable,2024-04-22T18:35:15.142000Z,2024-04-22T18:38:47.405000Z,,2024-04-22T18:50:27.220914Z,213.0,CR9UHRS6,17,No,Against (I feel negatively about the vaccines),3(SOMEWHAT DISAGREE),25,Female,Black,United States,United States,United States,English,No,Full-Time
6626ad4b982f619f2ce03ff9,5e42fc295135b5000cd20d0b,AWAITING REVIEW,Not Applicable,2024-04-22T18:32:55.690000Z,2024-04-22T18:38:24.173000Z,,2024-04-22T18:50:26.351376Z,329.0,CR9UHRS6,5467,No,Against (I feel negatively about the vaccines),3(SOMEWHAT DISAGREE),44,Female,White,United States,United States,United States,English,No,"Not in paid work (e.g. homemaker', 'retired or disabled)"
6626afafd32b73e519887475,6571e4f4cfa8086f608fabf3,AWAITING REVIEW,Not Applicable,2024-04-22T18:43:00.607000Z,2024-04-22T18:45:25.437000Z,,2024-04-22T18:51:00.746547Z,145.0,CR9UHRS6,1004,No,Against (I feel negatively about the vaccines),3(SOMEWHAT DISAGREE),23,Female,White,United States,United States,United States,English,No,Full-Time
6626afd775eedf3b445fbd2d,655f8d03e234484afb1c3d51,AWAITING REVIEW,Not Applicable,2024-04-22T18:43:39.683000Z,2024-04-22T19:02:08.781000Z,,2024-04-22T19:03:28.418263Z,1110.0,CR9UHRS6,927,No,Against (I feel negatively about the vaccines),1 (TOTALLY DISAGREEE),33,Female,Black,United States,United States,United States,English,Yes,Unemployed (and job seeking)
6626b06e8b3400f776aa2a11,65df777e92f7a26044b7ae97,AWAITING REVIEW,Not Applicable,2024-04-22T18:46:11.536000Z,2024-04-22T18:56:15.553000Z,,2024-04-22T18:57:12.056393Z,605.0,CR9UHRS6,293,No,Against (I feel negatively about the vaccines),3(SOMEWHAT DISAGREE),60,Female,White,United States,United States,United States,English,No,"Not in paid work (e.g. homemaker', 'retired or disabled)"
6626b33d18b479f6abf059ed,63dcbb18395960c5560fadb8,AWAITING REVIEW,Not Applicable,2024-04-22T18:58:08.590000Z,2024-04-22T19:17:54.059000Z,,2024-04-22T19:19:43.277797Z,1186.0,CR9UHRS6,2536,No,Against (I feel negatively about the vaccines),1 (TOTALLY DISAGREEE),35,Male,White,United States,United States,United States,English,No,DATA_EXPIRED
6626b4158616602adb817746,6035e4f319ae614980177538,AWAITING REVIEW,Not Applicable,2024-04-22T19:01:47.734000Z,2024-04-22T19:04:09.218000Z,,2024-04-22T19:05:36.302166Z,142.0,CR9UHRS6,356,No,Against (I feel negatively about the vaccines),3(SOMEWHAT DISAGREE),22,Male,White,United States,United States,United States,English,Yes,"Not in paid work (e.g. homemaker', 'retired or disabled)"
6626b915341c310f9c95bdc7,5e80a85916cd8c000ad9cd65,AWAITING REVIEW,Not Applicable,2024-04-22T19:23:05.856000Z,2024-04-22T19:26:37.146000Z,,2024-04-22T19:29:04.796963Z,212.0,CR9UHRS6,2210,No,Against (I feel negatively about the vaccines),3(SOMEWHAT DISAGREE),38,Male,White,United States,United States,United States,English,No,Full-Time
6626b98fe57fb4576dfa39ce,627809c52874925390a423a6,AWAITING REVIEW,Not Applicable,2024-04-22T19:25:09.177000Z,2024-04-22T19:52:13.919000Z,,2024-04-22T20:21:49.561693Z,1625.0,CR9UHRS6,3635,No,Against (I feel negatively about the vaccines),2 (DISAGREE),32,Female,White,United States,United States,United States,English,No,Full-Time
6626ba23f91c9a00b9764aea,5d1c364ec2696c0019647629,AWAITING REVIEW,Not Applicable,2024-04-22T19:27:35.761000Z,2024-04-22T19:33:35.483000Z,,2024-04-22T19:39:49.250490Z,360.0,CR9UHRS6,5077,No,Against (I feel negatively about the vaccines),1 (TOTALLY DISAGREEE),35,Male,Black,United States,United States,United States,English,No,Full-Time
6626badc329f3a32b18754eb,5e94fc39cc318836529fd876,AWAITING REVIEW,Not Applicable,2024-04-22T19:30:52.901000Z,2024-04-22T19:39:09.339000Z,,2024-04-22T20:20:12.484170Z,497.0,CR9UHRS6,3683,No,Against (I feel negatively about the vaccines),3(SOMEWHAT DISAGREE),46,Female,White,United States,United States,United States,English,No,Part-Time
6626bba959b99d222d817aaf,5fc6ca6e040c3f0c0dc914ad,AWAITING REVIEW,Not Applicable,2024-04-22T19:34:05.470000Z,2024-04-22T19:37:34.226000Z,,2024-04-22T20:19:32.050787Z,209.0,CR9UHRS6,2480,No,Against (I feel negatively about the vaccines),3(SOMEWHAT DISAGREE),35,Female,White,United States,United States,United States,English,No,Full-Time
6626bbd3b3154dccb57d69e0,6046704ff3ce6104ad162a61,AWAITING REVIEW,Not Applicable,2024-04-22T19:34:49.785000Z,2024-04-22T19:40:14.811000Z,,2024-04-22T20:20:25.925984Z,326.0,CR9UHRS6,162,No,Against (I feel negatively about the vaccines),1 (TOTALLY DISAGREEE),39,Female,White,United States,United States,United States,English,No,"Not in paid work (e.g. homemaker', 'retired or disabled)"
6626bd0c49a333cfd60118f4,5ff501a5c92b36cd57eb1bc1,AWAITING REVIEW,Not Applicable,2024-04-22T19:40:04.397000Z,2024-04-22T20:04:18.480000Z,,2024-04-22T20:22:36.113098Z,1455.0,CR9UHRS6,515,No,Against (I feel negatively about the vaccines),2 (DISAGREE),32,Female,White,United States,United States,United States,English,No,Unemployed (and job seeking)
6626bdc42137e35ba46f6b1c,62f70dd38becd2f7f2ce53a8,AWAITING REVIEW,Not Applicable,2024-04-22T19:43:03.242000Z,2024-04-22T19:44:55.023000Z,,2024-04-22T20:21:11.607881Z,112.0,CR9UHRS6,1538,No,Against (I feel negatively about the vaccines),1 (TOTALLY DISAGREEE),28,Male,White,United States,United States,United States,English,No,Full-Time
6626bddb465802b2e9f78921,62e6c5d05d354e1f99d612e4,AWAITING REVIEW,Not Applicable,2024-04-22T19:43:28.312000Z,2024-04-22T19:51:50.452000Z,,2024-04-22T20:21:47.639703Z,503.0,CR9UHRS6,2596,No,Against (I feel negatively about the vaccines),1 (TOTALLY DISAGREEE),32,Male,Black,United States,United States,United States,English,No,Full-Time
6626be228bb1da519701e59e,6568ffef59f114b386a7ad7d,AWAITING REVIEW,Not Applicable,2024-04-22T19:44:40.206000Z,2024-04-22T19:55:31.802000Z,,2024-04-22T20:22:03.993249Z,652.0,CR9UHRS6,273,No,Against (I feel negatively about the vaccines),3(SOMEWHAT DISAGREE),25,Female,Other,United States,United States,United States,English,No,"Not in paid work (e.g. homemaker', 'retired or disabled)"
6626be9985adeb1abe6f646c,5bf6fc936c445d0001aeba98,AWAITING REVIEW,Not Applicable,2024-04-22T19:51:05.886000Z,2024-04-22T19:55:40.932000Z,,2024-04-22T20:22:03.834649Z,276.0,CR9UHRS6,5782,No,Against (I feel negatively about the vaccines),2 (DISAGREE),43,Male,White,United States,United States,United States,English,No,Full-Time
6626bedccbdabdd6b0dae573,65fcaa30c61e9b7657625912,AWAITING REVIEW,Not Applicable,2024-04-22T19:47:47.764000Z,2024-04-22T19:59:23.269000Z,,2024-04-22T20:22:19.714712Z,696.0,CR9UHRS6,51,No,Against (I feel negatively about the vaccines),2 (DISAGREE),60,Male,Other,Iran,United States,United States,Farsi,No,"Not in paid work (e.g. homemaker', 'retired or disabled)"
6626bfc4463fa5818cc154ea,5d61a3001c84fc001780f4ad,AWAITING REVIEW,Not Applicable,2024-04-22T19:51:36.069000Z,2024-04-22T19:56:18.781000Z,,2024-04-22T20:22:08.387750Z,283.0,CR9UHRS6,6193,No,Against (I feel negatively about the vaccines),1 (TOTALLY DISAGREEE),24,Female,Asian,United States,United States,United States,English,Yes,Full-Time
6626bfe9214c3a743f51f681,62f0f422c25e8ccbcb742154,AWAITING REVIEW,Not Applicable,2024-04-22T19:52:14.095000Z,2024-04-22T20:05:13.027000Z,,2024-04-22T20:22:37.899246Z,779.0,CR9UHRS6,3366,No,Against (I feel negatively about the vaccines),3(SOMEWHAT DISAGREE),49,Male,White,United States,United States,United States,English,No,"Not in paid work (e.g. homemaker', 'retired or disabled)"
6626c0b19c1408def8b728d5,5f0a7dec44c42c19a6c9f6d9,AWAITING REVIEW,Not Applicable,2024-04-22T19:55:29.447000Z,2024-04-22T20:13:52.925000Z,,2024-04-22T20:22:55.181970Z,1104.0,NOCODE,4154,No,Against (I feel negatively about the vaccines),2 (DISAGREE),36,Female,White,United States,United States,United States,English,No,Full-Time
6626c110e465c10140581d53,5d697ea28572fc000126b779,AWAITING REVIEW,Not Applicable,2024-04-22T19:57:15.983000Z,2024-04-22T20:07:49.335000Z,,2024-04-22T20:22:45.055551Z,634.0,CR9UHRS6,5010,No,Against (I feel negatively about the vaccines),1 (TOTALLY DISAGREEE),59,Female,Black,United States,United States,United States,English,No,Full-Time
6626c1c41debd77a2877dc8f,5cf3115e978d46001924e679,AWAITING REVIEW,Not Applicable,2024-04-22T20:00:04.543000Z,2024-04-22T20:09:08.293000Z,,2024-04-22T20:22:46.723794Z,544.0,CR9UHRS6,2345,No,Against (I feel negatively about the vaccines),1 (TOTALLY DISAGREEE),35,Female,Black,United States,United States,United States,English,No,Full-Time
6626c2aadeff5671a95d8b4b,5b94d8fe754b700001f05b72,AWAITING REVIEW,Not Applicable,2024-04-22T20:04:02.099000Z,2024-04-22T20:17:09.012000Z,,2024-04-22T20:23:01.668413Z,787.0,CR9UHRS6,331,No,Against (I feel negatively about the vaccines),1 (TOTALLY DISAGREEE),54,Female,White,United States Minor Outlying Islands,United States,United States,English,No,"Not in paid work (e.g. homemaker', 'retired or disabled)"
6626c4067840492027c941fc,615164c0f942f5f7e062196b,AWAITING REVIEW,Not Applicable,2024-04-22T20:09:57.676000Z,2024-04-22T20:17:42.799000Z,,2024-04-22T20:23:03.986198Z,466.0,CR9UHRS6,604,No,Against (I feel negatively about the vaccines),2 (DISAGREE),44,Female,White,United States,United States,United States,English,No,Part-Time
6626c4a7f07488740a7c4a90,631f3abc8826b6e7e8982648,AWAITING REVIEW,Not Applicable,2024-04-22T20:12:29.836000Z,2024-04-22T20:19:16.337000Z,,2024-04-22T20:23:14.604668Z,407.0,CR9UHRS6,2737,No,Against (I feel negatively about the vaccines),1 (TOTALLY DISAGREEE),36,Female,Mixed,United States,United States,United States,English,Yes,Full-Time
6626c8fa5e22955d76d491a9,63a4af8f8b8722876fa88952,AWAITING REVIEW,Not Applicable,2024-04-22T20:30:55.437000Z,2024-04-22T20:35:43.030000Z,,2024-04-22T20:36:44.313007Z,288.0,CR9UHRS6,2896,No,Against (I feel negatively about the vaccines),2 (DISAGREE),62,Male,White,United States,United States,United States,English,No,Full-Time
6626ca48b115f388b977df00,615993153e17441c2e8d6c92,AWAITING REVIEW,Not Applicable,2024-04-22T20:36:33.892000Z,2024-04-22T20:49:19.174000Z,,2024-04-22T20:50:05.023576Z,766.0,CR9UHRS6,533,No,Against (I feel negatively about the vaccines),1 (TOTALLY DISAGREEE),39,Female,White,United States,United States,United States,English,Yes,Full-Time
6626ca5f4a12558824baaf1d,65d6c06fdab6027eb01ed62c,AWAITING REVIEW,Not Applicable,2024-04-22T20:36:53.477000Z,2024-04-22T20:40:49.945000Z,,2024-04-22T20:41:37.668821Z,237.0,CR9UHRS6,283,No,Against (I feel negatively about the vaccines),2 (DISAGREE),33,Female,White,United States,United States,United States,English,No,Full-Time
6626cc8f0dc457cabfb2c6b5,5a6c248d3fb6420001c302fb,AWAITING REVIEW,Not Applicable,2024-04-22T20:46:42.984000Z,2024-04-22T20:51:37.463000Z,,2024-04-22T20:52:27.289898Z,295.0,CR9UHRS6,699,No,Against (I feel negatively about the vaccines),3(SOMEWHAT DISAGREE),41,Female,White,United States,United States,United States,English,No,"Not in paid work (e.g. homemaker', 'retired or disabled)"
6626cd0294b06eae89811305,65d7a6c069ba15054c1615e8,AWAITING REVIEW,Not Applicable,2024-04-22T20:48:09.332000Z,2024-04-22T20:53:42.874000Z,,2024-04-22T20:54:34.388062Z,334.0,CR9UHRS6,236,No,Against (I feel negatively about the vaccines),1 (TOTALLY DISAGREEE),38,Female,White,United States,United States,United States,English,No,"Not in paid work (e.g. homemaker', 'retired or disabled)"
6626cdf92af0b5407c5fc22f,60c029faa1d9b671a584f3ca,AWAITING REVIEW,Not Applicable,2024-04-22T20:53:09.762000Z,2024-04-22T21:15:42.462000Z,,2024-04-22T21:15:56.817487Z,1353.0,CR9UHRS6,1715,No,Against (I feel negatively about the vaccines),3(SOMEWHAT DISAGREE),45,Female,White,United States,United States,United States,English,No,Part-Time
6626cf4091a9a06559aa31a9,609e28fc803b1238af34d1c4,AWAITING REVIEW,Not Applicable,2024-04-22T20:57:43.394000Z,2024-04-22T21:24:06.643000Z,,2024-04-22T21:24:17.320325Z,1584.0,CR9UHRS6,3087,No,Against (I feel negatively about the vaccines),2 (DISAGREE),45,Male,White,United States,United States,United States,English,No,Full-Time
6626d09c81a802f3d7f4fd32,64045adff6fa742a6d7f4409,AWAITING REVIEW,Not Applicable,2024-04-22T21:03:31.219000Z,2024-04-22T21:09:32.806000Z,,2024-04-22T21:10:59.465788Z,362.0,CR9UHRS6,1252,No,Against (I feel negatively about the vaccines),1 (TOTALLY DISAGREEE),52,Female,White,Germany,United States,United States,English,No,Part-Time
6626d14173a334edfeb61292,6074b929f753216d88c77e88,AWAITING REVIEW,Not Applicable,2024-04-22T21:06:11.918000Z,2024-04-22T21:16:05.536000Z,,2024-04-22T21:16:15.662354Z,594.0,CR9UHRS6,4049,No,Against (I feel negatively about the vaccines),3(SOMEWHAT DISAGREE),32,Male,White,United States,United States,United States,English,Yes,Full-Time
6626d21e818271bfaf91330e,5d100e740277ff00152f7562,AWAITING REVIEW,Not Applicable,2024-04-22T21:09:53.726000Z,2024-04-22T21:16:23.360000Z,,2024-04-22T21:16:37.442398Z,390.0,CR9UHRS6,6060,No,Against (I feel negatively about the vaccines),1 (TOTALLY DISAGREEE),47,Female,White,United States,United States,United States,English,No,Full-Time
6626d450f81a8f6a5014dbcd,5fe2bc6c9177396d90ae7f54,AWAITING REVIEW,Not Applicable,2024-04-22T21:19:20.613000Z,2024-04-22T21:32:32.108000Z,,2024-04-22T21:33:28.446856Z,792.0,CR9UHRS6,365,No,Against (I feel negatively about the vaccines),1 (TOTALLY DISAGREEE),58,Female,White,United States,United States,United States,English,No,Full-Time
6626d5dc040d9c5c8e0faed2,65fae9bae19fdac21d3149df,AWAITING REVIEW,Not Applicable,2024-04-22T21:25:57.814000Z,2024-04-22T21:40:03.991000Z,,2024-04-22T21:40:04.588819Z,847.0,CR9UHRS6,42,No,Against (I feel negatively about the vaccines),2 (DISAGREE),34,Female,White,United States,United States,United States,English,No,"Not in paid work (e.g. homemaker', 'retired or disabled)"
6626d833f44a8139e1f405c4,5715699a30185b0008b40009,AWAITING REVIEW,Not Applicable,2024-04-22T21:35:50.904000Z,2024-04-22T21:43:10.020000Z,,2024-04-22T21:45:26.608576Z,440.0,CR9UHRS6,801,No,Against (I feel negatively about the vaccines),1 (TOTALLY DISAGREEE),29,Male,Other,United States,United States,United States,English,No,Unemployed (and job seeking)
6626d97c73a334edfeb6143e,5ca419ef2fd4860001a501db,AWAITING REVIEW,Not Applicable,2024-04-22T21:41:20.886000Z,2024-04-22T21:48:55.830000Z,,2024-04-22T21:48:56.338823Z,455.0,CR9UHRS6,1884,No,Against (I feel negatively about the vaccines),3(SOMEWHAT DISAGREE),41,Male,White,United States,United States,United States,English,No,Full-Time
6626ddf5a4514cc6dfb32344,5befb6e27c387400016983bf,AWAITING REVIEW,Not Applicable,2024-04-22T22:10:07.431000Z,2024-04-22T22:12:59.456000Z,,2024-04-22T22:15:10.360685Z,173.0,CR9UHRS6,6015,No,Against (I feel negatively about the vaccines),1 (TOTALLY DISAGREEE),37,Male,White,United States,United States,United States,English,No,Full-Time
6626df84ea9911ca3344505f,65cb7e39ae4fbe7e0e7f1a17,AWAITING REVIEW,Not Applicable,2024-04-22T22:07:08.104000Z,2024-04-22T22:19:19.476000Z,,2024-04-22T22:19:20.264033Z,732.0,CR9UHRS6,498,No,Against (I feel negatively about the vaccines),1 (TOTALLY DISAGREEE),41,Female,Asian,Cambodia,United States,United States,Khmer,No,Other
6626e14a95d27e0292800156,6623167b2501da446696a9c1,AWAITING REVIEW,Not Applicable,2024-04-22T22:14:49.395000Z,2024-04-22T22:21:33.808000Z,,2024-04-22T22:21:34.314226Z,405.0,CR9UHRS6,1,No,Against (I feel negatively about the vaccines),1 (TOTALLY DISAGREEE),47,Female,White,United States,United States,United States,English,No,Full-Time
6626e1a9cf8ede9c6d018d2b,65c11f6098be0f40918869d2,AWAITING REVIEW,Not Applicable,2024-04-22T22:16:14.862000Z,2024-04-22T22:38:25.229000Z,,2024-04-22T22:38:42.632826Z,1331.0,CR9UHRS6,493,No,Against (I feel negatively about the vaccines),2 (DISAGREE),44,Female,Black,United States,United States,United States,English,Yes,Full-Time
6626e63bf58d8f95fb5043f1,62989b11e61bf4363844f0cd,AWAITING REVIEW,Not Applicable,2024-04-22T22:35:46.042000Z,2024-04-22T22:40:41.089000Z,,2024-04-22T22:40:41.616776Z,296.0,CR9UHRS6,739,No,Against (I feel negatively about the vaccines),3(SOMEWHAT DISAGREE),36,Male,White,United States,United States,United States,English,No,Full-Time
6626e737e6be4e76cc504602,65cbc0658c48323f0b657b06,AWAITING REVIEW,Not Applicable,2024-04-22T22:39:55.822000Z,2024-04-22T22:52:40.381000Z,,2024-04-22T22:52:41.410946Z,765.0,CR9UHRS6,165,No,Against (I feel negatively about the vaccines),3(SOMEWHAT DISAGREE),36,Female,Black,United States,United States,United States,English,No,Unemployed (and job seeking)
66267aff129c4277c75ea985,5d8a29c082fec30001d9c24a,RETURNED,Not Applicable,2024-04-22T15:09:00.108000Z,,,,,,3291,CONSENT_REVOKED,CONSENT_REVOKED,CONSENT_REVOKED,CONSENT_REVOKED,CONSENT_REVOKED,CONSENT_REVOKED,CONSENT_REVOKED,CONSENT_REVOKED,CONSENT_REVOKED,CONSENT_REVOKED,CONSENT_REVOKED,CONSENT_REVOKED
6626a1ae38b78a4909a2f62e,660f3824fcf6bd7bdbd8a75a,RETURNED,Not Applicable,2024-04-22T17:43:14.022000Z,,,,,,184,CONSENT_REVOKED,CONSENT_REVOKED,CONSENT_REVOKED,CONSENT_REVOKED,CONSENT_REVOKED,CONSENT_REVOKED,CONSENT_REVOKED,CONSENT_REVOKED,CONSENT_REVOKED,CONSENT_REVOKED,CONSENT_REVOKED,CONSENT_REVOKED
6626b13ff7d5817164f90dad,63dcd38d8eea7b444949c5b7,TIMED-OUT,Not Applicable,2024-04-22T18:50:45.104000Z,,,,47384.0,,2857,No,Against (I feel negatively about the vaccines),1 (TOTALLY DISAGREEE),30,Male,Black,United States,United States,United States,English,No,Full-Time
6626d5f1dd0dbe98677acd4b,660c52ebf66e00f5ef19cd7d,TIMED-OUT,Not Applicable,2024-04-22T21:27:00.334000Z,,,,38009.0,,122,No,Against (I feel negatively about the vaccines),3(SOMEWHAT DISAGREE),39,Female,Other,United States,United States,United States,English,No,Full-Time
