StartDate,EndDate,Status,IPAddress,Progress,Duration (in seconds),Finished,RecordedDate,ResponseId,RecipientLastName,RecipientFirstName,RecipientEmail,ExternalReference,LocationLatitude,LocationLongitude,DistributionChannel,UserLanguage,consent,attention_check,electrons_know,electrons_accept,antibiotics_know,"antibiotics_accept ",continents_know,continents_accept,sex_know,sex_accept,lasers_know,lasers_accept,orbit_know,orbit_accept,diamonds_know,diamonds_accept,speed_know,speed_accept,salt_know,salt_accept,water_know,water_accept,electrons,electrons_confirm,antibiotics,antibiotics_confirm,continents,continents_confirm,sex,sex_confirm,lasers,"lasers_confirm ",orbit,"orbit_confirm ",diamonds,"diamonds_confirm ",speed,"speed_confirm ",salt,"salt_confirm ",water,"water_confirm ",Q1,CMQ_1,CMQ_2,CMQ_3,CMQ_4,CMQ_5,SICBS,BCTI_intro,BCTI_apollo,BCTI_cancer,BCTI_viruses,BCTI_climatechange,BCTI_flatearth,"BCTI_autism ","BCTI_polio ",BCTI_alien,BCTI_hydorxychlor,BCTI_evolution,wgm_scientists,wgm_sciencegeneral,pew,reason_agreement,reason_agreement_3_TEXT,"reason_followup ",Q1,education,comments,PROLIFIC_PID
Start Date,End Date,Response Type,IP Address,Progress,Duration (in seconds),Finished,Recorded Date,Response ID,Recipient Last Name,Recipient First Name,Recipient Email,External Data Reference,Location Latitude,Location Longitude,Distribution Channel,User Language,"We invite you to participate in a scientific study. Participation requires that you give your informed consent. Before proceeding, please consider the following information:    The study will take about 11 minutes to complete.    There are no risks involved in this study.    You will be paid for your participation at the posted rate (provided that you complete the whole study, including demographic questions).    Your individual privacy will be maintained in all published and written data resulting from the study.     Participation in this research study is voluntary. You may choose not to participate.     By ticking the box below, and proceeding to the study task you certify that you have read this form, and agreed to participate in accordance with the above conditions.","While watching the television, have you ever had a fatal heart attack?","Are electrons smaller, larger, or the same size as atoms?",Do you agree that electrons are smaller than atoms?,Do antibiotics kill viruses as well as bacteria?,"Do you agree that antibiotics kill bacteria, but not viruses?",Have the continents on Earth been moving for millions of years or have they always been where they are now?,Do you agree that the continents on Earth have been moving for millions of years due to plate tectonics?,"What decides whether a baby is a boy or a girl? Is it the father’s genes, the mother’s genes, or both?",Do you agree that it is the father's genes which are decisive on whether a baby is a boy or a girl?,Do lasers work by focusing sound waves?,"Do you agree that lasers work by focusing light, and not by focusing sound waves?","How long does it take for Earth to go around the sun: one day, one month, or one year?",Do you agree that it takes one year for Earth to go around the sun?,Are diamonds made of carbon?,Do you agree that diamonds are made of carbon?,Which travels faster: light or sound?,Do you agree that light travels faster than sound?,Is common table salt made of calcium carbonate?,"Do you agree that common table salt is not made of calcium carbonate, but is in fact made of sodium chloride?",Is water made of molecules containing one oxygen and two hydrogen atoms?,Do you agree that water is made of molecules containing one oxygen and two hydrogen atoms?,"Are electrons smaller, larger, or the same size as atoms?  Scientific consensus: Electrons are smaller than atoms.    Do you think you could explain why you answered differently?","If you want to, you can now change your previous answer:",Do antibiotics kill viruses as well as bacteria?  Scientific consensus: Antibiotics can kill only bacteria.    Do you think you could explain why you answered differently?,"If you want to, you can now change your previous answer:",Have the continents on Earth been moving for millions of years or have they always been where they are now?  Scientific consensus: Continents have been moving for millions of year due to plate tectonic.    Do you think you could explain why you answered differently?,"If you want to, you can now change your previous answer:","What decides whether a baby is a boy or a girl ? Is it the father’s genes, the mother’s genes, or both?  Scientific consensus: It is the genes of the father which are decisive for the sex of a baby.    Do you think you could explain why you answered differently?","If you want to, you can now change your previous answer:","Do lasers work by focusing sound waves?  Scientific consensus: Lasers do not work by focusing sound waves, but light    Do you think you could explain why you answered differently?","If you want, you can now change your previous answer:","How long does it take for Earth to go around the sun: one day, one month, or one year ?  Scientific consensus: It takes one year for Earth to go around the sun.    Do you think you could explain why you answered differently?","If you want to, you can now change your previous answer:",Are diamonds made of carbon?  Scientific consensus: Diamonds are made of carbon.    Do you think you could explain why you answered differently?,"If you want to, you can now change your previous answer:",Which travel faster: light or sound?  Scientific consensus: Light travels faster than sound.    Do you think you could explain why you answered differently?,"If you want to, you can now change your previous answer:","Is common table salt made of calcium carbonate?  Scientific consensus: Common table salt is not made of calcium carbonate, but of sodium chloride.    Do you think you could explain why you answered differently?","If you want to, you can now change your previous answer:",Is water made of molecules containing one oxygen and two hydrogen atoms?  Scientific consensus: Water is made of molecules containing one oxygen and two hydrogen atoms.    Do you think you could explain why you answered differently?,"If you want to, you can now change your previous answer:",Now we are going to ask some questions about yourself.,"I think that... - ... many very important things happen in the world, which the public is never informed about.",I think that... - ... politicians usually do not tell us the true motives for their decisions.,I think that... - ... government agencies closely monitor all citizens.,I think that... - ... events which superficially seem to lack a connection are often the result of secret activities.,I think that... - ... there are secret organizations that greatly influence political decisions.,I think that the official version of the events given by the authorities  very often hides the truth.,"There has been much debate about various historical events, suggesting that the  ‘official version’ of the truth of those events is something of a cover-up. Below is a list of events  for which the official version has been disputed. For each event, we would like you to indicate to what extent you believe the cover-up version of events is true or false.",The Apollo moon landings never happened and were staged in a Hollywood film studio.,"A cure for cancer was discovered years ago, but this has been suppressed by the pharmaceutical industry and the U.S. Food and Drug Administration (FDA).","The spread of certain viruses and/or diseases is the result of the deliberate, concealed efforts of vested interests.",The claim that the climate is changing due to emissions from fossil fuels is a hoax perpetrated by corrupt scientists who want to spend more taxpayer money on climate research.,The Earth is flat (not spherical) and this fact has been covered up by scientists and vested interests.,There is a causal link between vaccination and autism that has been covered up by the pharmaceutical industry.,In the 1950s and 1960s more than 100 million Americans received a polio vaccine contaminated with a potentially cancer-causing virus.,Proof of alien contact is being concealed from the public.,Hydroxychloroquine has been demonstrated to be a safe and effective treatment of COVID and this information is being suppressed.,"Dinosaurs never existed, evolution is not real, and scientists have been faking the fossil record.","How much do you trust scientists in this country? Do you trust them a lot, some, not much, or not at all?","In general, would you say that you trust science a lot, some, not much, or not at all?",How much confidence do you have in scientists to act in the best interests of the public?,"For the questions in which you agreed with the scientific consensus, would you say that: - Selected Choice","For the questions in which you agreed with the scientific consensus, would you say that: - Other: - Text",Could you please tell us how you independently verified the information?,"Before finishing, please provide the following information. Once you are done with this question, please do not forget to press the arrow to complete the survey and get your completion code.",What is the highest level of education you have completed?,Do you have any comments or feedback about the survey?,PROLIFIC_PID
"{""ImportId"":""startDate"",""timeZone"":""Europe/Berlin""}","{""ImportId"":""endDate"",""timeZone"":""Europe/Berlin""}","{""ImportId"":""status""}","{""ImportId"":""ipAddress""}","{""ImportId"":""progress""}","{""ImportId"":""duration""}","{""ImportId"":""finished""}","{""ImportId"":""recordedDate"",""timeZone"":""Europe/Berlin""}","{""ImportId"":""_recordId""}","{""ImportId"":""recipientLastName""}","{""ImportId"":""recipientFirstName""}","{""ImportId"":""recipientEmail""}","{""ImportId"":""externalDataReference""}","{""ImportId"":""locationLatitude""}","{""ImportId"":""locationLongitude""}","{""ImportId"":""distributionChannel""}","{""ImportId"":""userLanguage""}","{""ImportId"":""QID1211687480""}","{""ImportId"":""QID188""}","{""ImportId"":""QID87""}","{""ImportId"":""QID88""}","{""ImportId"":""QID204""}","{""ImportId"":""QID206""}","{""ImportId"":""QID210""}","{""ImportId"":""QID212""}","{""ImportId"":""QID213""}","{""ImportId"":""QID215""}","{""ImportId"":""QID216""}","{""ImportId"":""QID218""}","{""ImportId"":""QID219""}","{""ImportId"":""QID221""}","{""ImportId"":""QID222""}","{""ImportId"":""QID224""}","{""ImportId"":""QID225""}","{""ImportId"":""QID227""}","{""ImportId"":""QID228""}","{""ImportId"":""QID230""}","{""ImportId"":""QID245""}","{""ImportId"":""QID247""}","{""ImportId"":""QID254_TEXT""}","{""ImportId"":""QID271""}","{""ImportId"":""QID256_TEXT""}","{""ImportId"":""QID272""}","{""ImportId"":""QID258_TEXT""}","{""ImportId"":""QID273""}","{""ImportId"":""QID259_TEXT""}","{""ImportId"":""QID274""}","{""ImportId"":""QID261_TEXT""}","{""ImportId"":""QID275""}","{""ImportId"":""QID262_TEXT""}","{""ImportId"":""QID276""}","{""ImportId"":""QID264_TEXT""}","{""ImportId"":""QID277""}","{""ImportId"":""QID265_TEXT""}","{""ImportId"":""QID278""}","{""ImportId"":""QID266_TEXT""}","{""ImportId"":""QID279""}","{""ImportId"":""QID267_TEXT""}","{""ImportId"":""QID280""}","{""ImportId"":""QID197""}","{""ImportId"":""QID193_1""}","{""ImportId"":""QID193_2""}","{""ImportId"":""QID193_3""}","{""ImportId"":""QID193_4""}","{""ImportId"":""QID193_5""}","{""ImportId"":""QID190""}","{""ImportId"":""QID235""}","{""ImportId"":""QID234""}","{""ImportId"":""QID236""}","{""ImportId"":""QID237""}","{""ImportId"":""QID238""}","{""ImportId"":""QID239""}","{""ImportId"":""QID240""}","{""ImportId"":""QID241""}","{""ImportId"":""QID242""}","{""ImportId"":""QID243""}","{""ImportId"":""QID244""}","{""ImportId"":""QID201""}","{""ImportId"":""QID202""}","{""ImportId"":""QID203""}","{""ImportId"":""QID287""}","{""ImportId"":""QID287_3_TEXT""}","{""ImportId"":""QID290_TEXT""}","{""ImportId"":""QID1211775182""}","{""ImportId"":""QID1211775185""}","{""ImportId"":""QID249_TEXT""}","{""ImportId"":""PROLIFIC_PID""}"
2024-04-22 15:52:55,2024-04-22 15:55:08,0,71.47.10.110,100,132,1,2024-04-22 15:55:09,R_5BJO6i81ISU9utb,,,,,29.4843,-81.2042,anonymous,EN,1,1,1,1,8,1,1,1,7,1,7,1,10,1,7,1,1,1,1,1,1,1,,,,,,,,,,,,,,,,,,,,,,,,,,,,,,,,,,,,,,,3,3,4,1,,,,5,,65a14753f34c5e9ccce66538
2024-04-22 15:48:42,2024-04-22 15:55:22,0,173.216.123.50,100,400,1,2024-04-22 15:55:23,R_2BfeTKmNcBYsBIH,,,,,35.2878,-93.1296,anonymous,EN,1,1,6,1,8,1,1,1,9,1,1,1,1,1,1,1,1,1,11,1,1,1,,,,,,,,,,,,,,,,,,,,,,100,100,100,100,100,9,,9,9,9,1,5,7,5,9,9,5,3,3,3,,,,,3,"Interesting ",615bb35e52d50aa9a2ae6747
2024-04-22 15:52:45,2024-04-22 15:56:13,0,50.247.192.157,100,207,1,2024-04-22 15:56:13,R_3NJQtxWCyWCuYJB,,,,,42.6283,-71.3311,anonymous,EN,1,1,6,1,8,1,1,1,7,1,1,1,10,1,1,1,1,1,1,1,1,1,,,,,,,,,,,,,,,,,,,,,,80,90,50,60,70,7,,1,1,7,2,1,5,2,7,8,1,,,,1,,,,5,,60ff1981688229d1e3eb43e9
2024-04-22 15:53:15,2024-04-22 15:56:42,0,98.244.245.115,100,206,1,2024-04-22 15:56:42,R_5dIB2K4uTnel6q5,,,,,28.9274,-81.9819,anonymous,EN,1,1,6,1,1,1,1,1,9,1,7,1,10,1,7,1,1,1,11,1,11,1,,,,,,,,,,,,,,,,,,,,,,100,90,70,100,100,8,,6,7,8,9,2,8,5,7,8,2,2,2,2,,,,,2,,5b6259be5256470001bd0c6d
2024-04-22 15:52:53,2024-04-22 15:57:28,0,108.6.144.116,100,274,1,2024-04-22 15:57:28,R_377faUp0R7ElU4e,,,,,40.7637,-73.7695,anonymous,EN,1,1,6,1,8,1,1,1,7,1,1,2,10,1,1,1,1,1,11,1,1,1,,,,,,,,,It is what I believed I was taught,5,,,,,,,,,,,,80,70,90,80,90,8,,6,6,7,8,3,5,6,2,6,6,,,,2,,By trying to remember,,5,it was interesting thanks so much,60ccbffae161aadb1880ad6c
2024-04-22 15:54:27,2024-04-22 15:57:57,0,71.56.69.211,100,209,1,2024-04-22 15:57:57,R_7UKOr69FKB5FP1f,,,,,33.8983,-84.5893,anonymous,EN,1,1,1,1,1,1,1,1,9,1,1,1,10,1,1,1,1,1,11,1,1,1,,,,,,,,,,,,,,,,,,,,,,,,,,,,,,,,,,,,,,,3,3,4,1,,,,3,,655fc066df406c5bd0a94a51
2024-04-22 15:54:22,2024-04-22 15:59:26,0,75.133.155.168,100,303,1,2024-04-22 15:59:26,R_126iLleCv8NMwr7,,,,,37.7759,-90.4071,anonymous,EN,1,1,1,1,8,1,1,1,7,1,7,1,10,1,1,1,1,1,1,1,1,1,,,,,,,,,,,,,,,,,,,,,,100,100,100,100,100,9,,2,9,9,5,1,9,5,5,9,1,2,2,1,,,,,5,no,62897d2024f826ea90b7efa1
2024-04-22 15:55:41,2024-04-22 16:00:27,0,174.195.115.175,100,286,1,2024-04-22 16:00:28,R_5JQH6bXJceZPXYl,,,,,32.2699,-110.9853,anonymous,EN,1,1,1,1,8,1,1,1,7,1,7,1,10,1,1,1,1,1,11,1,1,1,,,,,,,,,,,,,,,,,,,,,,,,,,,,,,,,,,,,,,,4,4,4,1,,,,6,,5685775f333cbd000c4e4c27
2024-04-22 15:54:51,2024-04-22 16:03:26,0,173.59.1.112,100,515,1,2024-04-22 16:03:27,R_7qjxM46r15PvyiR,,,,,39.904,-75.5089,anonymous,EN,1,1,1,1,8,1,1,1,7,1,1,1,10,1,7,1,11,1,1,1,1,1,,,,,,,,,,,,,,,,,,,,,,,,,,,,,,,,,,,,,,,3,3,3,1,,,,2,No.,5720a9f6fd3a5200113c1891
2024-04-22 15:53:33,2024-04-22 16:03:33,0,68.212.59.67,100,599,1,2024-04-22 16:03:33,R_3VQ4fKIj8WwjIPi,,,,,29.1036,-82.3558,anonymous,EN,1,1,1,1,8,1,1,1,7,1,7,1,10,1,1,1,1,1,11,1,1,1,,,,,,,,,,,,,,,,,,,,,,90,80,50,90,100,9,,1,7,9,8,1,8,6,1,8,1,,,,2,,Curiosity and the internet,,2,Thank you,5cba50bf114fa5001aac5570
2024-04-22 15:56:04,2024-04-22 16:03:34,0,71.81.141.193,100,450,1,2024-04-22 16:03:36,R_110ujcLtIz4g969,,,,,38.763,-90.5474,anonymous,EN,1,1,6,1,8,1,1,1,1,1,7,1,10,1,1,1,1,1,11,1,1,1,,,,,,,,,,,,,,,,,,,,,,100,100,80,100,100,8,,6,8,8,8,4,6,4,4,6,3,2,3,2,,,,,3,,659587f05678e3d1c10c78c4
2024-04-22 15:55:18,2024-04-22 16:03:36,0,24.27.66.191,100,497,1,2024-04-22 16:03:36,R_5NPcHx7pqC3Z1Cs,,,,,32.9657,-96.8834,anonymous,EN,1,1,6,1,1,2,1,1,7,1,7,1,10,1,1,1,1,1,1,1,1,1,,,I do not know,4,,,,,,,,,,,,,,,,,,60,100,100,80,80,8,,2,6,7,9,1,5,7,1,7,9,,,,2,,Guessed,,4,The truth is in the Bible,654274da9d849435fdd00d38
2024-04-22 15:58:57,2024-04-22 16:04:27,0,23.126.202.218,100,330,1,2024-04-22 16:04:28,R_39zwpmIKcK0A1dT,,,,,30.0037,-81.7578,anonymous,EN,1,1,1,1,7,1,1,1,7,1,7,1,10,1,1,1,11,1,1,1,1,1,,,,,,,,,,,,,,,,,,,,,,80,90,100,80,80,9,,5,9,9,4,8,8,8,8,5,2,2,3,3,,,,,4,,60fec7794a3fad182b902978
2024-04-22 15:53:27,2024-04-22 16:04:40,0,73.71.170.88,100,672,1,2024-04-22 16:04:40,R_7KACzDyppU9vgXb,,,,,38.1025,-122.2132,anonymous,EN,1,1,1,1,8,1,1,1,9,1,7,1,1,1,1,1,1,1,11,1,1,1,,,,,,,,,,,,,,,,,,,,,,,,,,,,,,,,,,,,,,,2,2,1,2,,"I double-checked the information on Google by looking up various websites, I did go with my initial gut instincts in most cases however if it was wrong upon verifying it then I would change my answer ",,1,"It's getting harder to trust scientists, especially with the contrived global warming data that historically doesn't support global warming and the fact that human actions cause it. COVID-19 has also dented my opinion of scientists and what they determine to be in the public's best interest.",616b5241d8eb9504f10a5cb2
2024-04-22 15:55:49,2024-04-22 16:05:25,0,172.59.193.18,100,576,1,2024-04-22 16:05:26,R_6COZzLNXVLZN5LK,,,,,32.8785,-96.7477,anonymous,EN,1,1,1,1,8,1,1,1,9,1,7,1,10,1,1,1,1,1,11,1,1,1,,,,,,,,,,,,,,,,,,,,,,100,100,100,20,100,9,,5,2,9,9,1,1,5,1,7,1,2,2,2,,,,,2,"I doubt the methodology of climate science as it's not at all a hard science, but rather people essentially playing with computer models of complex systems that cannot account for all variables. That and the climate gate leaks where they talk about massaging the data.  Also generally ""trusting"" science like its some kind of religion is absurd. The replication crisis is a continuing issue with many facets that hamper the credibility of the scientific community https://www.science.org/doi/10.1126/sciadv.abd1705  You can fully believe in the scientific method without at all trusting the garbage that gets published",5f8001ebabc31a000c257ccc
2024-04-22 15:53:29,2024-04-22 16:06:04,0,108.67.199.222,100,755,1,2024-04-22 16:06:05,R_1iR8M2YkPeFaqPs,,,,,35.9306,-86.8788,anonymous,EN,1,1,6,1,8,1,7,1,7,1,1,1,10,1,7,1,1,1,1,1,1,1,,,,,,,,,,,,,,,,,,,,,,100,90,80,20,80,3,,2,5,4,5,2,7,5,5,5,2,3,3,3,,,,,5,,6623d9ae9c4dda6732c407d9
2024-04-22 15:59:09,2024-04-22 16:07:07,0,71.217.52.18,100,477,1,2024-04-22 16:07:07,R_5KBm3cO7we5rhN7,,,,,35.5831,-78.7881,anonymous,EN,1,1,1,1,1,1,1,1,7,1,7,1,10,1,7,1,11,1,11,1,1,1,,,,,,,,,,,,,,,,,,,,,,80,100,100,50,90,9,,3,5,8,7,1,7,5,3,8,8,2,2,3,,,,,4,no,5b22d2c260c40e000103b157
2024-04-22 16:01:16,2024-04-22 16:07:26,0,74.74.147.249,100,370,1,2024-04-22 16:07:27,R_3JQiFuW5L91ZZj6,,,,,43.5513,-71.02,anonymous,EN,1,1,1,1,1,1,1,1,9,1,7,1,1,1,1,1,1,1,1,1,1,1,,,,,,,,,,,,,,,,,,,,,,100,100,100,100,100,9,,5,9,9,9,1,9,9,5,5,1,,,,2,,Prior knowledge from a formal education,,2,Thanks and be well,59565b1bbbb52400017ad4e1
2024-04-22 16:01:32,2024-04-22 16:08:18,0,24.104.199.104,100,406,1,2024-04-22 16:08:19,R_1fp0NO59VpOqZeN,,,,,40.9285,-73.8282,anonymous,EN,1,1,1,1,8,1,1,1,7,1,7,1,10,1,1,1,1,1,11,1,11,1,,,,,,,,,,,,,,,,,,,,,,100,100,100,60,90,8,,1,5,6,9,1,5,5,8,5,2,,,,2,,"I can check several different sources on the internet and see if they have the same verifiable information. ",,5,,5ba064c10d4416000157a224
2024-04-22 15:55:05,2024-04-22 16:09:09,0,73.224.110.119,100,843,1,2024-04-22 16:09:09,R_1R2rUxRdD9JFHms,,,,,30.132,-81.7726,anonymous,EN,1,1,1,1,8,1,1,1,7,1,7,1,10,1,1,1,1,1,1,1,11,2,,,,,,,,,,,,,,,,,,,I think I got it confused in my head. I was thinking 2 oxygen and 1 hydrogen.,4,,,,,,,,,,,,,,,,,,,3,3,3,1,,,,3,,6085bb66296b0a411198d8fd
2024-04-22 16:06:00,2024-04-22 16:09:37,0,47.144.29.246,100,217,1,2024-04-22 16:09:38,R_2phajOJD34fcEtV,,,,,34.2268,-119.0488,anonymous,EN,1,1,6,1,1,1,1,1,9,1,7,1,10,1,1,1,1,1,1,1,1,1,,,,,,,,,,,,,,,,,,,,,,,,,,,,,,,,,,,,,,,2,3,4,2,,I use intuition.  I use common sense.,,5,,63ea751b7686e752f5ef78b2
2024-04-22 15:55:21,2024-04-22 16:10:11,0,206.85.211.145,100,889,1,2024-04-22 16:10:11,R_18OiSO4Ur65RUEo,,,,,35.8655,-80.8934,anonymous,EN,1,1,1,1,7,1,1,1,7,1,7,1,10,1,1,1,1,1,11,1,1,1,,,,,,,,,,,,,,,,,,,,,,70,40,60,60,80,6,,2,2,6,6,1,7,6,5,7,3,,,,2,,"I have read it before, and did some experiments in chemistry class.  I look for scientific consensus on everything.  On these long established principles, I could have selected both answers.  I believe sometimes scientists are bribed or exhibit bias depending on who is funding them and what answers the funding entity wants. COVID treatments were a big example of that.  Hospitals were paid to execute certain protocols and disallow others.",,5,"I gave COVID an as an example of scientific duplicity.  VALID tests for hydroxychloroquine and Ivermectin did save lives.  I had a long conversation with my oncologist about it - he did his own research and is a frontline doctor.  Also, as to world control. that isn't even a secret anymore.  George Soros has  been manipulating US politics for years and pushes the open borders/one world government that is driving the outrageous illegal immigration.",5a6b53f3e70ca900017ab75a
2024-04-22 16:07:55,2024-04-22 16:11:00,0,160.3.215.53,100,185,1,2024-04-22 16:11:01,R_5E62ZHHA4ikdUsF,,,,,34.1688,-109.9902,anonymous,EN,1,1,6,1,8,1,1,1,7,1,1,1,10,1,1,1,1,1,1,1,1,1,,,,,,,,,,,,,,,,,,,,,,,,,,,,,,,,,,,,,,,3,3,4,1,,,,6,Interesting survey thank you,5f0c7ea47cf1495f4587f741
2024-04-22 16:01:02,2024-04-22 16:11:18,0,174.62.229.26,100,616,1,2024-04-22 16:11:19,R_6sKQQHGAlZloPTP,,,,,41.7405,-87.6587,anonymous,EN,1,1,3,1,8,1,1,1,7,1,7,1,10,1,1,1,1,1,11,1,1,1,,,,,,,,,,,,,,,,,,,,,,,,,,,,,,,,,,,,,,,2,2,1,3,"some stuff I already knew, other stuff I don't care about like atoms and molecules",,,3,,5d6376ec7e447f001c971315
2024-04-22 16:03:53,2024-04-22 16:11:58,0,68.39.238.227,100,484,1,2024-04-22 16:11:58,R_5melxkp85BU3slJ,,,,,41.1371,-85.0637,anonymous,EN,1,1,6,2,8,1,1,1,7,1,1,1,1,1,1,1,1,1,1,1,1,1,I made a mistake.,1,,,,,,,,,,,,,,,,,,,,70,80,60,70,90,5,,5,6,7,6,2,6,5,8,4,2,3,3,3,,,,,5,,5c95493ddd325800166f838a
2024-04-22 15:53:46,2024-04-22 16:12:30,0,136.34.152.33,100,1124,1,2024-04-22 16:12:31,R_4domYpHqbCGGVoP,,,,,38.9592,-94.5961,anonymous,EN,1,1,1,1,7,2,1,1,1,1,7,1,10,1,1,1,1,1,11,1,1,1,,,I have always experienced receiving antibiotic for viral infections. So i do not agree that antibiotic does not kill viruses.,5,,,,,,,,,,,,,,,,,,100,100,70,10,90,8,,1,5,5,1,1,5,3,9,5,1,3,3,2,,,,,3,"To think of the highest good of all the people its does not matter what education you have had, what matters is state of consciousness, if it is influenced by love for all life or if it is influenced by an inner lack and disconnection. That's what matters. Not neccesarily the education or information. ",65a2bc0d60b1e46f4e1d3cc8
2024-04-22 15:57:27,2024-04-22 16:14:54,0,108.24.95.115,100,1046,1,2024-04-22 16:14:54,R_28N9HS4afvknP9w,,,,,39.8918,-74.8925,anonymous,EN,1,1,1,1,8,1,1,1,7,1,7,1,1,1,1,1,11,1,11,1,1,1,,,,,,,,,,,,,,,,,,,,,,100,100,70,70,80,7,,7,9,7,5,2,3,2,5,9,1,,,,2,,"Most of the questions, the consensus answer was the same as my answer. For the one or two questions where it was not, I looked at who their sources were for the answers, and decided whether I believed those sources and how unsure I was about my answer and made my decision from there.",,2,,5f50b1bbe29c992335098fb1
2024-04-22 16:09:36,2024-04-22 16:15:28,0,172.56.168.145,100,351,1,2024-04-22 16:15:28,R_5GND2JWs705pcRH,,,,,38.6645,-121.487,anonymous,EN,1,1,6,1,8,1,1,1,7,1,1,1,1,1,1,1,11,1,1,1,1,1,,,,,,,,,,,,,,,,,,,,,,100,100,90,100,90,8,,5,9,8,5,5,7,7,7,5,5,1,1,1,,,,,3,No,56849d528f456f000c45e1dd
2024-04-22 16:12:04,2024-04-22 16:16:17,0,98.233.89.114,100,252,1,2024-04-22 16:16:17,R_7dphR7Y2fWccDCR,,,,,39.068,-76.9933,anonymous,EN,1,1,1,1,8,1,1,1,7,1,7,1,10,1,1,1,1,1,11,1,1,1,,,,,,,,,,,,,,,,,,,,,,100,100,100,100,100,9,,5,9,9,9,1,9,9,5,9,1,1,1,1,,,,,3,"HCQ and Ivermectin were both off label drugs used to treat various medical conditions, some viral. The anti-viral properties of both of them have been significantly documented, but were suppressed after covid. This study is inaccurate and peddling ideology that's harming people. Shame on you.",607778a26ff3de83125f50c5
2024-04-22 16:08:10,2024-04-22 16:17:07,0,71.65.148.5,100,536,1,2024-04-22 16:17:07,R_2s55pGTtBA6tWB4,,,,,35.0837,-80.6646,anonymous,EN,1,1,1,1,8,1,1,1,7,1,7,1,1,1,1,1,1,1,1,1,1,1,,,,,,,,,,,,,,,,,,,,,,100,100,90,50,100,9,,9,9,9,8,8,8,5,5,9,9,,,,1,,,,3,"The final question about dinosaurs, evolution and fossils should have been presented as more than one question. I chose my answer strictly because evolution was included. ",65e0d81acca2780f6d77bbe2
2024-04-22 16:11:23,2024-04-22 16:17:16,0,24.211.221.166,100,353,1,2024-04-22 16:17:17,R_5S2XW4ESBZ4jYv1,,,,,36.0558,-78.2612,anonymous,EN,1,1,1,1,1,1,1,1,7,1,7,1,10,1,1,1,1,1,11,1,1,1,,,,,,,,,,,,,,,,,,,,,,,,,,,,,,,,,,,,,,,2,3,2,2,,"Through exposure to scientific experiments and research that prove the claims valid and can be repeated with the same results occurring. ",,3,,5d7cefc73f9ae70018b400f1
2024-04-22 16:03:17,2024-04-22 16:18:19,0,148.75.243.71,100,902,1,2024-04-22 16:18:20,R_5UnlLkBVE5iHtCN,,,,,40.7009,-73.9461,anonymous,EN,1,1,6,1,1,2,1,1,7,1,7,1,7,2,7,1,1,1,11,1,1,1,,,Because I realized that my thinking was not correct.,4,,,,,,,"After thinking about it, I realized  that it does take a year for the sun to go around the earth.",4,,,,,,,,,,100,100,50,50,100,9,,1,6,7,1,1,5,5,7,6,1,4,4,5,,,,,3,No,643edca8dcd599c6fba5e31b
2024-04-22 16:10:02,2024-04-22 16:18:59,0,108.210.38.121,100,536,1,2024-04-22 16:18:59,R_20v34BXov3ocjN9,,,,,35.7832,-91.6369,anonymous,EN,1,1,1,1,8,1,7,1,7,1,7,1,10,1,1,1,1,1,11,1,1,1,,,,,,,,,,,,,,,,,,,,,,70,70,70,70,70,9,,9,9,9,9,9,9,9,9,9,1,,,,1,,,,2,,640c92a322b87202716ce6a6
2024-04-22 16:09:46,2024-04-22 16:19:14,0,68.173.137.138,100,568,1,2024-04-22 16:19:14,R_2G1f9a8CSAXwJCj,,,,,41.4535,-74.4774,anonymous,EN,1,1,1,1,1,1,1,1,9,1,1,1,1,1,7,1,1,1,11,1,11,1,,,,,,,,,,,,,,,,,,,,,,,,,,,,,,,,,,,,,,,2,2,2,1,,,,2,None,603ecd847a63f50124aa5822
2024-04-22 15:58:48,2024-04-22 16:19:15,0,99.186.60.66,100,1227,1,2024-04-22 16:19:16,R_5i9ulFmTT1ysAUH,,,,,30.2712,-81.7529,anonymous,EN,1,1,1,1,8,1,1,1,7,1,7,1,10,1,1,1,1,1,11,1,1,1,,,,,,,,,,,,,,,,,,,,,,,,,,,,,,,,,,,,,,,4,4,5,1,,,,2,This was a great survey that everyone should know the answers to but refresher courses are always a welcome.Thank you.,65ff8d0f3dceb18d1efdac6c
2024-04-22 16:14:50,2024-04-22 16:19:26,0,57.132.130.92,100,276,1,2024-04-22 16:19:27,R_6oFIviSQwT3UhDY,,,,,30.0032,-97.8397,anonymous,EN,1,1,1,1,8,1,1,1,7,1,7,1,10,1,1,1,1,1,11,1,1,1,,,,,,,,,,,,,,,,,,,,,,,,,,,,,,,,,,,,,,,3,3,2,2,,"There is evidence and a good amount of understand about these issues. There isn't as much understanding when it comes to things like vaccines. ",,5,,5c97df1f9e1eff001662ed96
2024-04-22 16:12:08,2024-04-22 16:19:44,0,172.59.109.117,100,455,1,2024-04-22 16:19:45,R_11hPPUdqoTONPVL,,,,,29.9509,-90.1007,anonymous,EN,1,1,1,1,8,1,1,1,7,1,7,1,10,1,1,1,1,1,11,1,1,1,,,,,,,,,,,,,,,,,,,,,,,,,,,,,,,,,,,,,,,4,4,4,3,I mostly agreed based on my personal knowledge.,,,4,Thank you for the opportunity to participate.,65dcdd8a214a774c36a0714b
2024-04-22 16:15:53,2024-04-22 16:19:51,0,184.97.231.26,100,237,1,2024-04-22 16:19:51,R_29IZhYe64bO5w9X,,,,,38.5423,-92.1529,anonymous,EN,1,1,1,1,8,1,1,2,7,1,7,1,10,2,1,1,1,1,11,1,1,1,,,,,The earth is not millions of years old.,7,,,,,"The earth is flat and stationary. ",5,,,,,,,,,,,,,,,,,,,,,,,,,,,2,2,1,2,,"Through many sources, including my own common sense and a lifetime of research into these matters.",,2,,6584461360db3318b8baee08
2024-04-22 16:14:37,2024-04-22 16:20:57,0,172.59.121.252,100,379,1,2024-04-22 16:20:58,R_21RghEJbfD3gZTH,,,,,35.4619,-97.3932,anonymous,EN,1,1,1,1,8,1,1,1,7,1,1,1,10,1,7,1,11,1,11,1,11,1,,,,,,,,,,,,,,,,,,,,,,,,,,,,,,,,,,,,,,,3,3,3,2,,"I used the information that I have learned in school and in the past. ",,2,none,58d552e09dbe3f00012591f2
2024-04-22 16:18:32,2024-04-22 16:22:18,0,172.56.199.146,100,226,1,2024-04-22 16:22:19,R_2EN62iisqXBXjnb,,,,,42.2904,-71.0712,anonymous,EN,1,1,6,1,7,1,1,1,1,1,7,1,10,1,1,1,11,1,11,1,1,1,,,,,,,,,,,,,,,,,,,,,,,,,,,,,,,,,,,,,,,3,3,4,2,,"Most things I knew already as some were common knowledge ",,4,,5e3079c558a8c8073fdb1ff9
2024-04-22 16:20:06,2024-04-22 16:23:43,0,73.76.42.167,100,216,1,2024-04-22 16:23:44,R_4RbYYZKjEpa9qyB,,,,,29.7953,-95.4968,anonymous,EN,1,1,1,1,8,1,7,1,9,1,7,1,10,1,1,1,1,1,11,1,1,1,,,,,,,,,,,,,,,,,,,,,,,,,,,,,,,,,,,,,,,1,1,1,2,,My gut instinct.,,2,,657327316173c2bd86323378
2024-04-22 16:21:07,2024-04-22 16:26:19,0,107.141.202.118,100,312,1,2024-04-22 16:26:20,R_3E1dreHaxshJj6o,,,,,34.4941,-92.5901,anonymous,EN,1,1,6,1,7,1,1,1,7,1,7,1,10,1,1,1,11,1,11,1,1,1,,,,,,,,,,,,,,,,,,,,,,40,70,30,50,60,8,,5,6,7,9,1,9,5,5,9,9,,,,2,,"Most was knowledge I already knew, however if I were to find out or look up info, I would simply consult the internet",,2,,5af1c4dfaec2b600010a96c9
2024-04-22 16:15:02,2024-04-22 16:28:07,0,97.101.0.212,100,785,1,2024-04-22 16:28:08,R_2VwlRP1Hnexcr2M,,,,,28.3939,-81.4216,anonymous,EN,1,1,1,1,1,1,1,1,7,1,1,1,10,1,1,1,1,1,11,1,11,2,,,,,,,,,,,,,,,,,,,I got it confused. Its true. One oxygen and  2 hydrogen is what i learned in school.,4,,50,70,20,30,40,7,,4,8,7,2,1,6,7,7,2,1,,,,2,,I thought about what i was told in school.,,3,,655faf236682f3df8008ac81
2024-04-22 16:15:45,2024-04-22 16:29:14,0,172.58.120.100,100,808,1,2024-04-22 16:29:14,R_2v1gxf7l5vDL8Nn,,,,,42.4261,-83.2514,anonymous,EN,1,1,1,1,8,1,1,1,9,1,7,1,10,1,1,1,1,1,11,1,1,1,,,,,,,,,,,,,,,,,,,,,,40,60,80,80,80,7,,5,7,6,6,5,5,5,8,6,2,,,,2,,"I checked reliable sources, and I knew most of them from learning this information in science class. ",,3,Thank you,660ad11f945fa3dbc5fc3e65
2024-04-22 16:24:27,2024-04-22 16:30:01,0,174.214.49.70,100,333,1,2024-04-22 16:30:01,R_7q7GFFotXknCY4l,,,,,39.2051,-85.9324,anonymous,EN,1,1,1,1,7,1,1,1,7,1,7,1,1,1,7,1,11,1,1,1,11,1,,,,,,,,,,,,,,,,,,,,,,90,90,80,80,90,8,,5,9,9,5,1,1,1,9,9,1,4,4,4,,,,,3,N/A,652d8afc5aaab078ef2baeb3
2024-04-22 16:26:10,2024-04-22 16:30:07,0,24.3.3.194,100,237,1,2024-04-22 16:30:08,R_3PnHW13V6pCEXAf,,,,,40.3177,-79.7223,anonymous,EN,1,1,1,1,8,1,1,1,1,2,7,1,10,1,1,1,1,1,11,1,1,1,,,,,,,"Yes.  Its normal to think that, however, not always.",4,,,,,,,,,,,,,,100,50,50,80,70,8,,1,1,1,6,1,6,5,7,5,1,3,3,3,,,,,6,,629e1738fcc7d0b6acfe5280
2024-04-22 16:27:36,2024-04-22 16:31:32,0,76.186.121.147,100,235,1,2024-04-22 16:31:33,R_7yjgSq421EkDqvT,,,,,33.0326,-96.7859,anonymous,EN,1,1,1,1,8,1,1,1,7,1,7,1,10,1,1,1,11,1,11,1,1,1,,,,,,,,,,,,,,,,,,,,,,50,80,70,60,80,7,,5,8,6,3,1,8,7,8,8,3,,,,1,,,,5,,5c6ef14c2cd3cb0001fadd0e
2024-04-22 16:27:55,2024-04-22 16:32:27,0,174.240.119.81,100,272,1,2024-04-22 16:32:28,R_5RqIBjjG26TWcPQ,,,,,42.9178,-85.6995,anonymous,EN,1,1,1,1,1,1,1,1,7,1,7,1,10,1,1,1,1,1,11,1,1,1,,,,,,,,,,,,,,,,,,,,,,,,,,,,,,,,,,,,,,,3,3,2,2,,some things are obvious and don't need verification,,3,,63d698af12a4d488c5fdf05a
2024-04-22 16:28:04,2024-04-22 16:35:33,0,174.228.33.39,100,448,1,2024-04-22 16:35:34,R_2KUyfqRIa63W9I9,,,,,41.2231,-95.8756,anonymous,EN,1,1,1,1,8,1,1,1,7,1,7,1,10,1,1,1,1,1,11,1,1,1,,,,,,,,,,,,,,,,,,,,,,100,100,100,100,100,9,,5,8,9,9,1,7,6,8,9,1,,,,2,,Research on my own as opposed to jist blindly following what the media is told to tell me.,,6,No,654a5cddb6eb3f899ca2e126
2024-04-22 16:27:24,2024-04-22 16:36:40,0,174.229.119.214,100,556,1,2024-04-22 16:36:41,R_7RtL5WgSGQjLZo5,,,,,42.3858,-88.3547,anonymous,EN,1,1,6,1,8,1,1,1,9,1,7,1,10,1,1,1,1,1,1,1,1,1,,,,,,,,,,,,,,,,,,,,,,70,50,10,30,40,4,,9,9,6,1,1,6,7,9,1,1,,,,1,,,,6,,63ed0065eb23ac3ee1726453
2024-04-22 16:31:34,2024-04-22 16:36:43,0,75.201.150.119,100,309,1,2024-04-22 16:36:43,R_7PdcDwa4lNSYu92,,,,,34.7734,-92.2573,anonymous,EN,1,1,1,1,1,1,1,1,7,1,1,1,10,1,1,1,1,1,11,1,1,1,,,,,,,,,,,,,,,,,,,,,,50,100,40,30,80,6,,1,1,3,6,1,3,5,6,6,2,3,3,2,,,,,5,,65f4b5d1a054a5cc2f5140b2
2024-04-22 16:27:08,2024-04-22 16:37:24,0,166.199.149.78,100,616,1,2024-04-22 16:37:24,R_34oSp5CJJWDpEhf,,,,,28.6344,-81.6221,anonymous,EN,1,1,6,1,8,1,1,1,7,1,7,1,10,1,1,1,1,1,11,1,1,1,,,,,,,,,,,,,,,,,,,,,,,,,,,,,,,,,,,,,,,4,4,4,1,,,,2,"I believe some scientists work for the government, not in the best interest of everyday average people. I believe the government hides certain things from us.",6600c0b08f68f313132f20e1
2024-04-22 16:31:39,2024-04-22 16:44:11,0,174.26.20.220,100,751,1,2024-04-22 16:44:11,R_5QivCKhRJJKUbS1,,,,,33.508,-112.0995,anonymous,EN,1,1,1,1,8,1,7,2,9,1,7,1,10,1,1,1,1,1,11,1,1,1,,,,,The Earth was created aged by God and has not been around for millions of years. I do not believe in evolution but rather creation based on the Word of God.,7,,,,,,,,,,,,,,,,40,70,30,10,10,4,,1,2,2,7,1,6,5,1,6,1,2,2,2,,,,,4,Thank you,64139f74c36da8c35b846024
2024-04-22 16:36:17,2024-04-22 16:44:16,0,172.58.254.3,100,479,1,2024-04-22 16:44:17,R_6P7lzKagfLSMz0c,,,,,35.2296,-80.843,anonymous,EN,1,1,1,1,1,1,1,1,9,1,7,1,10,1,7,1,1,1,11,1,1,1,,,,,,,,,,,,,,,,,,,,,,,,,,,,,,,,,,,,,,,3,2,2,1,,,,3,,5e0777b6814bba1033f6a396
2024-04-22 16:43:08,2024-04-22 16:50:28,0,98.197.8.196,100,440,1,2024-04-22 16:50:29,R_5riRUa0rQFmg3iZ,,,,,29.5718,-95.1305,anonymous,EN,1,1,1,1,8,1,1,1,9,1,7,1,10,1,1,1,1,1,11,1,1,1,,,,,,,,,,,,,,,,,,,,,,90,90,80,50,80,8,,3,5,8,6,2,6,5,8,7,2,,,,1,,,,6,,65eb6bdb082c131dbe1c1ea0
2024-04-22 16:45:50,2024-04-22 16:51:43,0,97.157.242.113,100,353,1,2024-04-22 16:51:44,R_1jwfbHAgRUwS1sC,,,,,42.437,-82.99,anonymous,EN,1,1,1,1,8,1,1,1,9,1,7,1,10,1,1,1,1,1,11,1,11,1,,,,,,,,,,,,,,,,,,,,,,80,90,90,80,80,8,,3,5,8,2,1,5,5,3,5,2,,,,2,,extensive research,,4,,660746e980779d05e621c506
2024-04-22 16:45:47,2024-04-22 16:52:20,0,173.207.75.75,100,393,1,2024-04-22 16:52:21,R_7TSJsLO4ryShRO8,,,,,36.0428,-89.3916,anonymous,EN,1,1,6,1,7,1,1,1,7,1,1,1,10,1,7,1,1,1,1,1,1,1,,,,,,,,,,,,,,,,,,,,,,100,100,70,50,70,6,,9,9,6,9,9,7,6,7,5,6,2,3,3,,,,,3,,65b95ab3dd58f84b0ebf0e0b
2024-04-22 16:30:55,2024-04-22 16:54:54,0,73.106.82.194,100,1439,1,2024-04-22 16:54:54,R_1OkssA0kehOk9jd,,,,,33.584,-84.2751,anonymous,EN,1,1,1,1,8,1,7,1,7,1,7,1,10,1,1,1,1,1,1,1,1,1,,,,,,,,,,,,,,,,,,,,,,90,90,60,70,70,5,,5,5,5,5,5,5,5,5,5,5,,,,2,,I verified it with what then knowledge I know,,5,,63d14ff7972a4863e876777c
2024-04-22 16:40:48,2024-04-22 16:54:56,0,24.20.86.219,100,847,1,2024-04-22 16:54:56,R_3QY9BB0jTkoT2E0,,,,,45.4804,-122.5891,anonymous,EN,1,1,6,1,8,1,1,1,7,1,1,1,7,1,1,1,1,1,1,1,1,1,,,,,,,,,,,,,,,,,,,,,,100,100,100,100,100,9,,9,9,9,9,9,9,9,9,9,9,1,1,1,,,,,3,Engaging,64d56b61fa74be3bd567252c
2024-04-22 16:46:13,2024-04-22 16:54:59,0,174.214.49.13,100,526,1,2024-04-22 16:55:00,R_3dFzUN7HdoHBY53,,,,,39.2051,-85.9324,anonymous,EN,1,1,1,1,8,1,1,1,7,1,7,1,10,1,1,1,1,1,11,1,11,1,,,,,,,,,,,,,,,,,,,,,,70,50,10,20,20,3,,1,5,7,7,1,7,3,5,7,8,,,,1,,,,5,"Thank you ",56494d5b6902220012c4acb7
2024-04-22 16:41:48,2024-04-22 16:55:02,0,172.58.244.252,100,793,1,2024-04-22 16:55:02,R_7DAXxlvh6D0scJ2,,,,,38.9034,-76.9882,anonymous,EN,1,1,1,1,7,1,7,2,7,1,7,1,10,1,1,1,1,1,1,1,1,1,,,,,"I do not believe that the universe is millions of years old ",7,,,,,,,,,,,,,,,,100,100,100,100,100,9,,1,9,9,5,1,9,1,9,1,1,2,2,3,,,,,5,I have no additional comments to add,65fa1769407061426eb0dc37
2024-04-22 16:48:37,2024-04-22 16:55:26,0,163.182.90.137,100,408,1,2024-04-22 16:55:27,R_2m4wrAVsnkg1sQV,,,,,38.942,-84.404,anonymous,EN,1,1,1,1,8,1,1,2,7,1,1,1,10,1,1,1,1,1,11,1,1,1,,,,,I do not believe the theory that the earth is that old.,7,,,,,,,,,,,,,,,,,,,,,,,,,,,,,,,,,1,3,2,3,I have never seen compelling evidence to disprove the consensus.,,,4,,65e8cf8f4c7424fa062e54a3
2024-04-22 16:38:55,2024-04-22 16:55:57,0,24.211.187.108,100,1022,1,2024-04-22 16:55:58,R_2zj4NNYa9yVWWpC,,,,,36.0558,-78.2612,anonymous,EN,1,1,1,1,1,1,1,1,7,1,7,1,10,1,1,1,1,1,1,1,1,1,,,,,,,,,,,,,,,,,,,,,,100,100,70,80,100,8,,6,6,7,6,5,9,8,5,7,4,,,,1,,,,5,,65d90ea9ac22aa7ebcee2225
2024-04-22 16:55:44,2024-04-22 17:02:28,0,173.63.170.197,100,403,1,2024-04-22 17:02:28,R_2WTPQXPyg2GRZwK,,,,,40.7238,-74.2293,anonymous,EN,1,1,3,1,8,1,1,1,7,1,7,1,1,1,1,1,1,1,1,1,1,1,,,,,,,,,,,,,,,,,,,,,,100,100,100,50,100,9,,5,9,9,1,1,5,5,9,5,1,3,3,2,,,,,6,,6602ce6267191d285a324221
2024-04-22 16:55:39,2024-04-22 17:04:12,0,74.196.175.31,100,512,1,2024-04-22 17:04:12,R_3Dqi1lzNk5tfFdJ,,,,,32.3251,-95.2981,anonymous,EN,1,1,6,2,1,2,1,2,7,1,1,1,10,1,7,2,1,1,1,1,1,2,Because I would like to see more research on this matter.,7,Because I would like to see more research on this matter.,5,Because I would like to see more research on this matter.,7,,,,,,,Because I would like to see more research on this matter.,5,,,,,Because I would like to see more research on this matter.,5,,,,,,,,,,,,,,,,,,,2,2,3,1,,,,5,none,65e9ced91365812f0b0bea04
2024-04-22 16:49:38,2024-04-22 17:04:38,0,73.160.183.156,100,899,1,2024-04-22 17:04:39,R_1P5pw8sPTbit5sG,,,,,39.9111,-74.1469,anonymous,EN,1,1,6,1,8,1,1,1,7,1,1,1,10,1,1,1,1,1,11,1,11,1,,,,,,,,,,,,,,,,,,,,,,70,80,70,60,70,7,,1,5,6,3,4,7,6,5,9,6,3,3,3,,,,,2,"Not at this time. ",63644514902f60174b4b29a1
2024-04-22 16:58:31,2024-04-22 17:04:57,0,40.132.214.149,100,386,1,2024-04-22 17:04:58,R_3hru2EQLsSu09U4,,,,,34.5701,-83.3091,anonymous,EN,1,1,1,1,8,1,1,1,7,1,1,1,10,1,1,1,1,1,11,1,1,1,,,,,,,,,,,,,,,,,,,,,,,,,,,,,,,,,,,,,,,3,3,4,2,,I remember some of the stuff from school.,,1,no,61bb392e40db417c1a138dcb
2024-04-22 16:54:48,2024-04-22 17:05:48,0,75.46.231.17,100,658,1,2024-04-22 17:05:48,R_1QE3bwVXpMHZTpf,,,,,29.7376,-95.521,anonymous,EN,1,1,6,1,8,1,1,1,7,1,7,1,10,1,7,1,1,1,11,1,1,1,,,,,,,,,,,,,,,,,,,,,,90,80,70,70,80,7,,5,8,6,2,5,7,5,6,5,3,,,,2,,I clicked on two out of three of the links for most statements that I was unsure about.,,3,No,574eab79c18847000e071119
2024-04-22 16:48:12,2024-04-22 17:05:51,0,73.252.109.243,100,1058,1,2024-04-22 17:05:51,R_1QLMV68f7jO2nRS,,,,,32.6047,-93.8761,anonymous,EN,1,1,1,1,1,1,1,1,9,1,7,1,10,1,1,1,1,1,11,1,1,1,,,,,,,,,,,,,,,,,,,,,,100,50,100,50,100,9,,1,6,9,1,1,9,5,9,4,1,3,3,4,,,,,3,"THIS WAS INTERESTING. MANY OF THESE QUESTIONS ABOUT COVER-UPS WERE OBVIOUS TO ME BUT I CAN'T SAY THAT MUCH OF THE POPULATION REALIZES THIS, UNFORTUNATELY. THERE IS A SECRET KABAL OF PEOPLE WHO REALLY RUN THE WORLD. THE ONES THAT OWN THE OIL COMPANIES, BANKS, PHARMACEUTICAL COMPANIES, ETC... THE FACT THAT WE HAVE BEEN MANIPULATED INTO THINKING THIS IS REALITY IS PERHAPS THE BIGGEST COVER-UP. WE ARE CONSTANTLY DISTRACTED FROM THE TRUE REALITY AND TAUGHT FROM A VERY YOUNG AGE HOW WE ARE ""SUPPOSED"" TO THINK, AND WHAT HISTORY WE ARE ""SUPPOSED"" TO REMEMBER. THERE HAVE BEEN COUNTLESS INVENTIONS THAT WOULD HAVE ALMOST COMPLETELY ELIMINATED THE NEED FOR PETROLEUM. ENERGY FROM THE SPACE AROUND US THAT WOULD FILL A COFFEE CUP COULD BOIL AND EVAPORATE ALL THE OCEANS. BUT, THE INVENTORS THINK THEY SHOULD KEEP THESE A SECRET AND FILE A PATENT TO GET RICH. THEN THEY MYSTERIOUSLY DIE OR DISAPPEAR, ALONG WITH THEIR RESEARCH AND INVENTIONS. THE POINTLESS POVERTY IN THE WORLD WOULD DISAPPEAR VIRTUALLY OVERNIGHT IF THIS WASN'T THE CASE. BUT, SOMEONE HAS TO BE INCREDIBLY RICH AND POWERFUL I SUPPOSE.",5ca88c7900dbf0000127c5d5
2024-04-22 17:01:45,2024-04-22 17:06:24,0,174.240.117.34,100,279,1,2024-04-22 17:06:25,R_5jUp7LBMa5GHqk9,,,,,42.9178,-85.6995,anonymous,EN,1,1,6,1,1,1,1,1,9,1,1,1,10,1,7,1,1,1,11,1,1,1,,,,,,,,,,,,,,,,,,,,,,50,100,50,60,90,9,,5,6,8,7,2,9,8,5,9,1,3,3,3,,,,,3,,65ff6765704c89daf32f6ddd
2024-04-22 16:59:55,2024-04-22 17:07:20,0,73.206.20.93,100,444,1,2024-04-22 17:07:20,R_57rYYXBiRAuAlzP,,,,,29.9762,-95.6401,anonymous,EN,1,1,6,1,8,1,7,1,9,1,1,1,10,1,1,1,1,1,1,1,1,1,,,,,,,,,,,,,,,,,,,,,,100,100,100,100,100,9,,9,9,9,9,9,9,9,9,9,9,,,,2,,I have a lot of people who do deep research that verified the info.,,5,no,6266aa7132e3a5bf1631ac1b
2024-04-22 17:05:09,2024-04-22 17:11:12,0,66.177.56.16,100,363,1,2024-04-22 17:11:13,R_58e50lweZ5p5eKt,,,,,30.3511,-81.506,anonymous,EN,1,1,1,1,1,1,1,1,7,1,7,2,10,1,7,1,11,1,1,2,1,1,,,,,,,,,That’s the truth,4,,,,,,,"I wasn’t sure ",4,,,,70,50,50,50,80,7,,1,6,5,5,1,6,5,1,5,1,3,3,3,,,,,2,,5b21c4ab31d0080001b9f55e
2024-04-22 17:05:14,2024-04-22 17:11:33,0,35.139.160.50,100,378,1,2024-04-22 17:11:33,R_5qgTJhQOtfuVW2G,,,,,27.9162,-82.7299,anonymous,EN,1,1,6,1,8,1,1,1,7,1,1,1,10,1,1,1,1,1,11,1,1,1,,,,,,,,,,,,,,,,,,,,,,100,100,80,90,90,8,,1,8,8,6,1,9,9,6,9,1,3,3,4,,,,,5,,5d7047d764b37b0017ffa710
2024-04-22 17:08:27,2024-04-22 17:13:11,0,162.205.163.207,100,283,1,2024-04-22 17:13:11,R_3pVtQqym8FVwVG2,,,,,37.2103,-93.3046,anonymous,EN,1,1,1,1,7,1,1,1,7,1,1,1,10,1,1,1,1,1,1,1,1,1,,,,,,,,,,,,,,,,,,,,,,90,90,90,90,90,9,,1,7,6,5,1,5,5,8,1,1,,,,1,,,,3,,5f50732850c7c600098593df
2024-04-22 17:02:47,2024-04-22 17:14:05,0,108.145.161.34,100,677,1,2024-04-22 17:14:05,R_8FyzecR63HueHBE,,,,,40.8768,-74.0867,anonymous,EN,1,1,1,1,8,1,1,1,7,1,7,1,10,1,1,1,1,1,11,1,1,1,,,,,,,,,,,,,,,,,,,,,,100,50,40,100,100,9,,5,5,8,5,5,8,5,9,9,2,3,3,3,,,,,3,"Thank you for the opportunity to participate. ",655f674bdba72a1c9b1bf638
2024-04-22 17:11:44,2024-04-22 17:16:18,0,113.30.253.66,100,273,1,2024-04-22 17:16:19,R_56kVztns73Y7fGh,,,,,47.539,-100.8839,anonymous,EN,1,1,6,1,8,1,1,1,7,1,1,1,1,1,7,1,1,1,11,1,11,1,,,,,,,,,,,,,,,,,,,,,,80,90,70,80,70,7,,3,9,9,5,1,7,7,8,6,1,2,3,3,,,,,3,,5a09ebdf087f2e0001eae39f
2024-04-22 17:08:19,2024-04-22 17:17:16,0,174.203.4.241,100,537,1,2024-04-22 17:17:17,R_615EtVtzrw2I0t8,,,,,29.7738,-95.406,anonymous,EN,1,1,1,1,8,1,1,1,9,1,1,1,10,1,7,2,11,2,1,1,1,1,,,,,,,,,,,,,,4,,4,,,,,,60,70,40,30,70,5,,1,2,6,3,1,6,3,3,1,1,,,,2,,"Just various amounts of research online. There have been times where simple questions were simply ignored or answered in a perplexing manner. Those types of answers always raise a flag. ",,6,"Interesting survey! I learned some new stuff. ",66183558fbb603eb292458d0
2024-04-22 17:13:12,2024-04-22 17:18:52,0,69.40.194.48,100,339,1,2024-04-22 17:18:52,R_7txvji6t19wL7ya,,,,,35.5039,-80.6338,anonymous,EN,1,1,1,1,8,1,1,1,7,1,7,1,10,1,1,1,1,1,11,1,1,1,,,,,,,,,,,,,,,,,,,,,,80,90,90,80,80,7,,5,7,5,5,1,7,5,4,3,5,3,3,2,,,,,5,,66240654c422622ea306c07a
2024-04-22 17:13:44,2024-04-22 17:19:27,0,99.146.254.61,100,343,1,2024-04-22 17:19:28,R_1tm09MyNkJ1cRNv,,,,,29.7452,-95.7327,anonymous,EN,1,1,1,1,1,1,1,1,7,1,7,1,7,1,1,1,1,1,1,1,1,1,,,,,,,,,,,,,,,,,,,,,,100,100,100,100,100,9,,5,1,9,1,1,9,9,9,5,1,3,3,3,,,,,5,,6238dfab577ecd4adb97a917
2024-04-22 17:12:59,2024-04-22 17:23:44,0,174.212.227.145,100,645,1,2024-04-22 17:23:45,R_2da8ixDumwjNMfF,,,,,39.7388,-104.9868,anonymous,EN,1,1,1,1,8,1,1,1,7,1,7,1,10,1,1,1,1,1,11,1,1,1,,,,,,,,,,,,,,,,,,,,,,40,30,30,20,20,4,,2,4,4,3,1,5,4,5,5,1,,,,1,,,,5,Interesting questions! (Especially since I knew the answer to most of them. Am a science nerd!),5de7d10810088f749c347bb6
2024-04-22 17:18:16,2024-04-22 17:24:49,0,24.96.42.153,100,393,1,2024-04-22 17:24:49,R_29cxlDhM9UONonr,,,,,34.7095,-86.7361,anonymous,EN,1,1,1,1,8,1,1,1,9,1,7,1,10,1,1,1,1,1,11,1,1,1,,,,,,,,,,,,,,,,,,,,,,,,,,,,,,,,,,,,,,,3,3,4,2,,By  the knowledge I already had.,,2,,63d7c7cc6818efd3fd8dfc80
2024-04-22 17:20:13,2024-04-22 17:26:21,0,47.135.225.163,100,368,1,2024-04-22 17:26:22,R_7b28iotaKUJjrh6,,,,,35.4875,-80.9876,anonymous,EN,1,1,1,1,8,1,1,1,7,1,7,1,10,1,7,1,1,1,11,1,1,1,,,,,,,,,,,,,,,,,,,,,,,,,,,,,,,,,,,,,,,2,3,3,2,,Some of these questions I remember from high school. And I learned this in science. Therefore I do remember alot of these questions.,,3,Thank You,612bb0204ad8e7e8bed041eb
2024-04-22 17:17:23,2024-04-22 17:26:37,0,173.27.185.86,100,553,1,2024-04-22 17:26:37,R_52sZIllGQ2ZdgFH,,,,,30.4003,-87.0288,anonymous,EN,1,1,1,1,1,1,1,2,7,1,7,1,1,1,1,1,1,1,11,1,11,2,,,,,"The Earth has only been around for 6-7 thousand years. As far as I know however, the Continents have been moving.",7,,,,,,,,,,,,,"thought it was ""2 parts oxide, one hydrogen."" I was of course wrong. I also miss clicked the wrong answer for how long it takes the Earth the revolve around the sun... I think.",4,,10,50,40,10,100,5,,1,5,9,1,1,5,5,5,5,1,2,2,2,,,,,3,"Dinosaurs existed, evolution is a false theory.",5e8b89d0afcb1606e761ef7f
2024-04-22 17:22:54,2024-04-22 17:26:54,0,172.56.55.180,100,239,1,2024-04-22 17:26:54,R_5Y0j1OIfmKkrD0Z,,,,,29.7912,-95.4182,anonymous,EN,1,1,1,1,8,1,1,1,7,1,1,1,10,1,1,1,1,1,1,1,1,1,,,,,,,,,,,,,,,,,,,,,,,,,,,,,,,,,,,,,,,3,4,3,1,,,,6,,64dd0d6827d312a7fe7e84bd
2024-04-22 17:24:36,2024-04-22 17:27:57,0,162.226.141.184,100,201,1,2024-04-22 17:27:57,R_3gpe22unlFWUNKp,,,,,25.4931,-80.4344,anonymous,EN,1,1,1,1,8,1,1,1,7,1,7,1,10,1,7,1,1,1,11,1,1,1,,,,,,,,,,,,,,,,,,,,,,60,60,50,20,40,6,,1,5,6,1,1,7,5,3,5,1,3,3,3,,,,,5,,65981a1325b701ea0f820160
2024-04-22 17:18:48,2024-04-22 17:32:40,0,73.105.132.15,100,832,1,2024-04-22 17:32:41,R_2jZvtj7haK45r7b,,,,,29.797,-81.9884,anonymous,EN,1,1,6,1,8,1,7,1,7,1,7,1,10,1,1,1,1,1,11,1,1,1,,,,,,,,,,,,,,,,,,,,,,80,100,50,80,90,8,,4,7,8,6,3,7,7,5,7,8,2,3,2,,,,,3,No,6612bf98687129c04038e292
2024-04-22 17:23:38,2024-04-22 17:33:33,0,66.249.253.246,100,594,1,2024-04-22 17:33:33,R_2lD0O3zGvpiKNTr,,,,,41.1499,-85.2057,anonymous,EN,1,1,6,2,8,1,7,2,9,1,1,1,10,1,7,2,11,1,11,1,11,2,I believe atoms are the smallest particles.,7,,,"On second thought, I agree.",5,,,,,,,"On second thought, I believe I agree.",4,,,,,This does not fit according to my recollection.,5,,50,40,60,30,60,6,,3,4,7,5,6,4,5,6,8,4,2,2,2,,,,,5,Thank you.,63225b65b2d6e889f7289909
2024-04-22 17:31:15,2024-04-22 17:34:23,0,69.119.218.18,100,187,1,2024-04-22 17:34:24,R_8LLttuGilIgxvbv,,,,,41.1729,-74.3791,anonymous,EN,1,1,1,1,8,1,1,1,7,1,7,1,1,1,7,1,11,1,11,1,11,1,,,,,,,,,,,,,,,,,,,,,,100,90,90,70,80,5,,6,7,6,5,5,8,7,5,7,2,,,,2,,"I don't know ",,3,,5e5c88c3be924d475ff0fc34
2024-04-22 17:29:47,2024-04-22 17:34:46,0,67.164.121.110,100,298,1,2024-04-22 17:34:47,R_5dAALLbjtrc32yR,,,,,37.245,-121.9541,anonymous,EN,1,1,1,1,8,1,1,1,7,1,7,1,10,1,1,1,1,1,11,1,1,1,,,,,,,,,,,,,,,,,,,,,,80,90,100,60,50,9,,1,1,7,9,1,9,2,3,9,1,,,,3,Because it is true.,,,6,,58c3c835334d5b0001d6374e
2024-04-22 17:23:52,2024-04-22 17:37:03,0,76.39.105.5,100,790,1,2024-04-22 17:37:03,R_1FLofnPMW51Jn1K,,,,,45.0925,-87.6709,anonymous,EN,1,1,1,1,8,1,1,1,7,1,7,1,10,1,1,1,1,1,11,1,1,1,,,,,,,,,,,,,,,,,,,,,,70,90,100,50,80,8,,9,7,7,7,5,7,5,5,5,3,,,,1,,,,4,,5d6685743002780001a967c9
2024-04-22 17:29:36,2024-04-22 17:37:39,0,107.77.235.52,100,482,1,2024-04-22 17:37:39,R_72bAvjEapGyr1jn,,,,,33.7485,-84.3871,anonymous,EN,1,1,1,1,8,1,1,1,1,1,7,1,10,1,1,1,1,1,11,1,1,1,,,,,,,,,,,,,,,,,,,,,,,,,,,,,,,,,,,,,,,2,2,1,1,,,,5,The conclusions drawn related to the questions asked have been determined for many years by multiple scientific sources. People are encouraged to follow current scientists without the same level of experimentation and review. Trusting science related to the first does not necessarily translate to trusting the second.,65e3573918e580e20c6a9628
2024-04-22 17:33:08,2024-04-22 17:38:48,0,135.26.125.251,100,339,1,2024-04-22 17:38:48,R_2Ge8zbnx644UHo5,,,,,30.3228,-95.5298,anonymous,EN,1,1,1,1,1,1,1,1,7,1,7,1,10,1,1,1,1,1,11,2,1,1,,,,,,,,,,,,,,,,,"I meant to agree, I did not know the answer.",4,,,,80,90,60,60,70,8,,6,6,6,5,4,7,5,7,7,4,3,3,2,,,,,5,,603710141b1ed2313448234a
2024-04-22 17:35:21,2024-04-22 17:39:42,0,38.40.58.74,100,261,1,2024-04-22 17:39:43,R_3oIsnvtv1igOWt7,,,,,31.7841,-82.3511,anonymous,EN,1,1,1,1,8,1,1,1,7,1,7,1,10,1,1,1,1,1,11,1,1,1,,,,,,,,,,,,,,,,,,,,,,90,100,90,90,90,9,,1,3,9,9,1,7,5,5,9,1,,,,3,,,,3,,644123f5b400058bcb5b2e7a
2024-04-22 17:28:33,2024-04-22 17:40:19,0,174.245.88.235,100,706,1,2024-04-22 17:40:20,R_21HXMhG299UsXTN,,,,,35.2296,-80.843,anonymous,EN,1,1,1,1,8,1,1,1,9,1,7,1,10,1,1,1,1,1,1,1,1,1,,,,,,,,,,,,,,,,,,,,,,70,80,50,50,70,7,,2,5,3,3,3,6,3,3,5,1,,,,1,,,,3,,65de28298e9a6e841cf8e02e
2024-04-22 17:32:51,2024-04-22 17:40:58,0,24.31.189.218,100,486,1,2024-04-22 17:40:58,R_5zTsgv5PQG01Leh,,,,,39.9401,-82.8965,anonymous,EN,1,1,1,1,7,1,1,1,9,1,7,1,10,1,1,1,11,1,1,1,1,1,,,,,,,,,,,,,,,,,,,,,,70,70,70,60,80,7,,6,8,7,6,3,8,5,9,8,2,3,3,3,,,,,5,,65f9a91cdd36336301655cde
2024-04-22 17:39:43,2024-04-22 17:51:38,0,24.255.58.34,100,715,1,2024-04-22 17:51:39,R_2sibk3uA0mafpbs,,,,,31.5402,-110.267,anonymous,EN,1,1,3,2,8,1,7,2,7,1,7,1,10,1,1,1,1,1,1,1,1,1,"I don't think electrons are smaller, just because that is what we were taught in science",7,,,"This is something we are taught academically in science, it may not be true",7,,,,,,,,,,,,,,,,90,80,90,90,90,9,,9,8,8,7,5,5,8,2,5,8,1,1,1,,,,,2,,5c55c45f53fba80001bcf323
2024-04-22 17:50:11,2024-04-22 17:55:40,0,75.225.244.255,100,329,1,2024-04-22 17:55:41,R_2PISXt009pnFCQ9,,,,,41.2442,-95.9599,anonymous,EN,1,1,1,1,1,1,1,1,7,1,1,1,1,1,1,1,1,1,11,1,1,1,,,,,,,,,,,,,,,,,,,,,,,,,,,,,,,,,,,,,,,3,3,4,2,,Either I already knew the information or after reading the information I can to my conclusion,,3,,615628491d10d2dda4037437
2024-04-22 17:47:40,2024-04-22 17:56:25,0,73.103.107.234,100,524,1,2024-04-22 17:56:25,R_2OUPRnwkDeRLztn,,,,,40.4484,-86.1394,anonymous,EN,1,1,1,1,1,2,1,1,9,1,1,1,1,1,1,1,1,1,1,1,1,1,,,I think there are two different kinds of antibiotics. One type kills bacteria infections and the other type kills viral infections,5,,,,,,,,,,,,,,,,,,,,,,,,,,,,,,,,,,,3,3,4,2,,"My wife has taken two different kinds of antibiotics, one for viral infections and one for bacterial infections ",,2,No,628fa8e2c2516fe9c6bfe0be
2024-04-22 17:38:09,2024-04-22 17:57:05,0,68.114.134.184,100,1135,1,2024-04-22 17:57:05,R_3fdhUf8aCH7OkRO,,,,,36.5246,-87.3465,anonymous,EN,1,1,1,1,8,1,7,2,7,1,7,1,10,1,1,1,1,1,11,1,1,1,,,,,"I don't have a reason to believe Earth has been here for millions of years, so I don't agree with the consensus. Of course, I know I could be wrong.",7,,,,,,,,,,,,,,,,100,90,20,90,90,8,,8,5,6,7,7,7,5,1,8,5,4,4,3,,,,,7,"I couldn't properly answer the question about dinosaurs, evolution, and scientists faking the fossil record because those are three different questions/statements.  I believe dinosaurs existed. I do not believe in evolution. I believe most scientists are honest, but some could be faking fossil records.",5c1976c90d57c30001b4162c
2024-04-22 17:47:21,2024-04-22 17:57:56,0,172.58.0.14,100,634,1,2024-04-22 17:57:56,R_7xGr6KiFrQLVslj,,,,,33.7838,-84.4455,anonymous,EN,1,1,1,1,7,1,1,1,7,1,7,1,10,1,1,1,1,1,11,1,1,1,,,,,,,,,,,,,,,,,,,,,,100,90,100,100,100,9,,7,9,8,7,5,9,9,9,5,5,,,,2,,I independently verified the information by doing a lot of research and comparing studies.,,4,,65c14037bc242a29a176b12c
2024-04-22 17:49:43,2024-04-22 18:01:34,0,67.8.108.20,100,711,1,2024-04-22 18:01:35,R_2wyLhobXCC1YHCN,,,,,29.2866,-81.0869,anonymous,EN,1,1,1,1,8,1,1,1,7,1,1,1,1,1,1,1,11,1,1,1,11,1,,,,,,,,,,,,,,,,,,,,,,100,90,30,50,90,8,,5,7,5,6,1,5,5,6,5,7,,,,3,"I can't say that I trust scientists on many things, but on most in this survey. However, while I believe the continents have moved around, I don't believe the earth is millions of years old, as I'm a Christian. Though God never notes exactly how old the earth is, so it could be millions of years old.",,,2,"Nothing comes to mind. Thank you. ",62e19208352cd518d7b2f085
2024-04-22 17:53:44,2024-04-22 18:04:09,0,107.77.218.13,100,624,1,2024-04-22 18:04:11,R_1L4KnLtcPaCuSak,,,,,29.7638,-95.4924,anonymous,EN,1,1,1,1,8,1,7,2,7,1,1,1,10,1,1,1,1,1,11,1,1,1,,,,,This information is based in evolution which is a theory.,7,,,,,,,,,,,,,,,,,,,,,,,,,,,,,,,,,2,2,2,3,Agreed due to vague knowledge about the subject.,,,5,None at this time.,62ad17e032a85a4ca119b289
2024-04-22 18:01:22,2024-04-22 18:05:35,0,108.196.91.31,100,253,1,2024-04-22 18:05:36,R_3pXLGsjtDYzrA5n,,,,,35.1063,-89.941,anonymous,EN,1,1,1,1,8,1,1,1,7,1,7,1,10,1,1,1,1,1,1,1,1,1,,,,,,,,,,,,,,,,,,,,,,,,,,,,,,,,,,,,,,,3,3,3,2,,I do my own research.,,3,none.,5cbcfce214b3cb0015f03471
2024-04-22 17:57:59,2024-04-22 18:06:11,0,174.203.73.75,100,492,1,2024-04-22 18:06:12,R_7aqSgGJwAm3JjTl,,,,,30.4509,-91.1563,anonymous,EN,1,1,1,1,8,1,1,1,7,1,7,1,1,1,1,1,1,1,1,1,1,1,,,,,,,,,,,,,,,,,,,,,,100,90,80,20,70,7,,1,8,4,5,1,9,8,9,5,1,3,3,3,,,,,6,,65b7df79bd16de5cd6a3a12b
2024-04-22 18:05:35,2024-04-22 18:09:43,0,98.198.193.136,100,247,1,2024-04-22 18:09:43,R_3iEodIbEI2DP93b,,,,,30.0043,-95.1747,anonymous,EN,1,1,1,1,7,1,1,1,7,1,1,1,10,1,1,1,1,1,1,1,1,1,,,,,,,,,,,,,,,,,,,,,,,,,,,,,,,,,,,,,,,3,3,3,1,,,,3,,61766e9e5daf1f0ae95530f8
2024-04-22 18:06:25,2024-04-22 18:11:48,0,172.56.84.223,100,322,1,2024-04-22 18:11:48,R_8ycsbGAOXVkEbfj,,,,,33.4602,-112.1334,anonymous,EN,1,1,3,1,8,1,7,2,9,2,7,1,10,1,7,2,1,1,11,1,1,1,,,,,,5,,4,,,,,,4,,,,,,,,100,100,100,50,100,9,,5,9,9,5,5,1,5,5,7,5,3,3,3,,,,,2,"None ",5d54b8ec05ac770018f22718
2024-04-22 18:10:56,2024-04-22 18:13:28,0,71.62.228.24,100,152,1,2024-04-22 18:13:28,R_71aOVUh2YhXveSW,,,,,39.0448,-77.6042,anonymous,EN,1,1,1,1,1,1,1,1,7,1,1,1,1,1,7,1,1,1,11,1,1,1,,,,,,,,,,,,,,,,,,,,,,,,,,,,,,,,,,,,,,,3,3,3,1,,,,3,,65ec884f351767d75ba74d1f
2024-04-22 18:09:20,2024-04-22 18:17:12,0,64.82.180.42,100,472,1,2024-04-22 18:17:13,R_39psE6M4xx5qX5P,,,,,34.4833,-89.0075,anonymous,EN,1,1,1,1,8,1,1,1,1,1,1,1,10,1,1,1,1,1,1,1,1,1,,,,,,,,,,,,,,,,,,,,,,100,100,80,100,100,9,,5,2,9,1,1,8,5,9,1,1,2,2,2,,,,,6,,59dc4083ae9f950001d83b4b
2024-04-22 18:01:46,2024-04-22 18:17:16,0,174.165.170.150,100,929,1,2024-04-22 18:17:16,R_13q3ZjG9hLCo3cd,,,,,47.8561,-121.9467,anonymous,EN,1,1,1,1,8,1,7,2,7,1,7,1,10,1,1,1,1,1,11,1,1,1,,,,,"I partially agree that continents have moved due to plate tectonics. But I don't believe the Earth is as old as it mentions in the explanation, and is much younger. I also disagree with scientific consensus and there is really no such thing. Because with science, when you base things on evidence and then find new evidence, you have to change your theory. So there is really no such thing as consensus, there is data, facts and theories. ",7,,,,,,,,,,,,,,,,100,90,70,90,100,7,,9,8,9,9,9,8,8,7,7,8,2,2,1,,,,,3,I didn't have any problems. Thank you!,55b6ed4afdf99b437183fa6f
2024-04-22 18:12:17,2024-04-22 18:17:23,0,99.105.115.27,100,305,1,2024-04-22 18:17:24,R_7TlddyCAyyQ8T9T,,,,,35.056,-89.8598,anonymous,EN,1,1,1,1,8,1,1,1,9,1,1,1,10,1,7,1,1,1,1,1,1,1,,,,,,,,,,,,,,,,,,,,,,100,100,100,100,100,9,,9,9,9,9,9,9,9,9,5,5,1,3,1,,,,,3,,60fee7d1e674a0c1c1c7bd3d
2024-04-22 18:00:56,2024-04-22 18:20:35,0,23.124.178.134,100,1179,1,2024-04-22 18:20:36,R_2AKy7QDhjCMouyd,,,,,35.6173,-87.0317,anonymous,EN,1,1,1,1,8,1,1,1,7,1,1,1,10,1,1,1,1,1,11,1,1,1,,,,,,,,,,,,,,,,,,,,,,80,100,80,90,100,6,,5,9,8,7,1,6,2,6,7,9,3,3,3,,,,,4,none,5fc6e3a0040c3f0e7cb45c8a
2024-04-22 18:05:32,2024-04-22 18:21:05,0,68.185.146.82,100,933,1,2024-04-22 18:21:06,R_5eQxHWS4L8bsLgk,,,,,32.3886,-86.1691,anonymous,EN,1,1,6,1,1,2,1,1,7,1,1,1,1,1,7,1,11,2,1,2,11,1,,,"No ",4,,,,,,,,,,,"No ",4,"No ",4,,,,90,100,50,60,30,7,,1,8,8,8,1,6,8,5,5,2,3,3,3,,,,,5,,613366e345d6b43d9fd2988e
2024-04-22 18:21:46,2024-04-22 18:26:02,0,24.52.164.67,100,256,1,2024-04-22 18:26:03,R_3gMnNq1FPRjJzsg,,,,,40.4136,-89.7928,anonymous,EN,1,1,6,1,1,1,1,1,7,1,1,1,1,1,7,1,11,1,11,1,1,1,,,,,,,,,,,,,,,,,,,,,,,,,,,,,,,,,,,,,,,4,4,4,1,,,,3,no,6584d87dfcbd1dc12f74be98
2024-04-22 18:27:12,2024-04-22 18:30:43,0,142.255.120.252,100,211,1,2024-04-22 18:30:44,R_2f0IKTP3uZj6eVI,,,,,40.6631,-73.7601,anonymous,EN,1,1,1,1,8,1,1,1,9,1,7,1,10,1,1,1,1,1,11,1,1,1,,,,,,,,,,,,,,,,,,,,,,100,100,80,80,90,8,,9,7,6,9,6,7,5,1,4,5,,,,2,,I guess I haven't independently verified the information.,,5,Thank you.,65ca9c729a13f898ae374552
2024-04-22 18:24:23,2024-04-22 18:31:00,0,174.79.0.147,100,396,1,2024-04-22 18:31:00,R_6kscGOYuhAN9CXn,,,,,32.6117,-83.8059,anonymous,EN,1,1,1,1,8,1,1,1,9,1,7,1,10,1,1,1,1,1,11,1,1,1,,,,,,,,,,,,,,,,,,,,,,70,100,20,50,60,6,,1,7,5,3,1,3,1,7,5,1,3,4,4,,,,,2,No.,6016b656600dc185acab2cc1
2024-04-22 18:30:32,2024-04-22 18:33:19,0,76.184.132.45,100,167,1,2024-04-22 18:33:20,R_7WBS9gvUdDALc4h,,,,,25.9729,-97.4695,anonymous,EN,1,1,1,1,8,1,1,1,7,1,7,1,10,1,1,1,1,1,11,1,1,1,,,,,,,,,,,,,,,,,,,,,,50,90,60,30,60,8,,1,1,5,1,1,5,5,3,5,1,,,,2,,wikipedia articles and google searches,,3,,5b6bc3927f92050001a51696
2024-04-22 18:34:55,2024-04-22 18:38:43,0,206.192.253.209,100,227,1,2024-04-22 18:38:44,R_7Wvf5R5UgPG0XRc,,,,,43.2246,-123.5053,anonymous,EN,1,1,6,1,7,2,1,1,9,2,7,1,1,1,7,1,1,1,1,1,1,1,,,Not really. I thought they killed virus' but maybe I am wrong. heh.,4,,,I thought both male and female decided the fate of the babies gender.,4,,,,,,,,,,,,,,,,,,,,,,,,,,,,,,,2,3,2,1,,,,2,thanks! have a great day!,632a1ae0d2c0c28e680e9c5a
2024-04-22 18:35:04,2024-04-22 18:41:00,0,71.30.27.70,100,355,1,2024-04-22 18:41:01,R_7KLZIyRj97xt1eh,,,,,31.1211,-83.4226,anonymous,EN,1,1,6,1,1,1,1,1,7,1,1,1,10,1,7,1,1,1,11,1,1,1,,,,,,,,,,,,,,,,,,,,,,,,,,,,,,,,,,,,,,,3,3,4,1,,,,4,,65c140b80efce0ed096216e3
2024-04-22 18:39:03,2024-04-22 18:43:57,0,172.58.253.80,100,294,1,2024-04-22 18:43:58,R_5G6UHL7trQvM18s,,,,,35.2296,-80.843,anonymous,EN,1,1,3,1,8,1,1,1,7,1,7,1,10,1,1,1,1,1,11,1,11,1,,,,,,,,,,,,,,,,,,,,,,90,100,70,100,90,9,,6,9,8,7,5,7,5,8,5,6,3,2,1,,,,,2,"Enjoyed! ",6500a0fad9712a314c43f1d0
2024-04-22 18:38:17,2024-04-22 18:44:21,0,166.198.202.13,100,363,1,2024-04-22 18:44:21,R_7doTcc5YBPmvv93,,,,,29.6584,-98.4987,anonymous,EN,1,1,6,1,7,1,1,1,7,1,7,1,10,1,1,1,1,1,11,1,1,1,,,,,,,,,,,,,,,,,,,,,,,,,,,,,,,,,,,,,,,3,3,3,2,,"The questions I got wrong were facts that I had simply forgotten. Once made aware of the correct answer, I remembered that it was in fact the correct answer.",,2,,65f7befe8f857b187132a2ec
2024-04-22 18:39:59,2024-04-22 18:44:45,0,68.83.24.200,100,286,1,2024-04-22 18:44:46,R_5wtCiHWqTEA1DAR,,,,,39.8952,-75.0347,anonymous,EN,1,1,1,1,8,1,1,1,1,1,7,1,1,1,1,1,1,1,1,1,1,1,,,,,,,,,,,,,,,,,,,,,,80,90,60,50,90,8,,5,3,7,5,1,1,2,5,5,1,3,3,3,,,,,3,none,5efe6daf6a2551378201893e
2024-04-22 18:39:22,2024-04-22 18:46:53,0,40.142.223.227,100,450,1,2024-04-22 18:46:53,R_7E1eg4RQd99X1Km,,,,,40.7799,-79.5281,anonymous,EN,1,1,6,1,8,2,1,1,9,1,1,2,10,1,7,1,1,1,1,2,11,1,,,"antibotics only kill bacteria ",4,,,,,I thought they light was a lot faster than sound waves,4,,,,,,,not sure,4,,,,60,80,40,20,10,6,,2,5,7,8,1,7,8,8,7,1,,,,2,,heard of it before,,2,,5dd1df8fb48da3240ca85c45
2024-04-22 18:40:52,2024-04-22 18:48:57,0,99.105.231.129,100,484,1,2024-04-22 18:48:58,R_3i4clZwau2AQ13C,,,,,36.3519,-94.2197,anonymous,EN,1,1,1,1,8,1,1,1,7,1,1,1,1,1,1,1,1,1,11,1,1,1,,,,,,,,,,,,,,,,,,,,,,100,100,100,70,100,9,,5,9,8,9,1,5,6,9,7,1,,,,2,,"I used the links provided and then googled the question if I was unsure ",,5,,6571d0350d34775921b333c5
2024-04-22 18:45:14,2024-04-22 18:49:03,0,63.150.197.50,100,229,1,2024-04-22 18:49:04,R_1D17GVjmuFD2sPx,,,,,36.6694,-93.2449,anonymous,EN,1,1,1,1,8,1,1,1,9,1,7,1,10,1,1,1,1,1,1,1,11,1,,,,,,,,,,,,,,,,,,,,,,,,,,,,,,,,,,,,,,,3,3,3,1,,,,3,,5914b7b50a4b9d0001add64f
2024-04-22 18:47:37,2024-04-22 18:50:51,0,71.208.125.51,100,193,1,2024-04-22 18:50:52,R_1HNXoxfYrrklQVK,,,,,26.6615,-81.6116,anonymous,EN,1,1,6,1,8,1,1,1,7,1,7,1,1,1,7,1,1,1,1,1,1,1,,,,,,,,,,,,,,,,,,,,,,,,,,,,,,,,,,,,,,,2,2,2,1,,,,4,,60fb024cbfd74cc251c6f9b0
2024-04-22 18:30:47,2024-04-22 18:50:56,0,72.217.124.122,100,1209,1,2024-04-22 18:50:57,R_3Yx0YGWcAITU7es,,,,,33.4793,-112.3121,anonymous,EN,1,1,3,1,8,1,1,1,7,1,7,1,1,1,1,1,1,1,1,1,1,1,,,,,,,,,,,,,,,,,,,,,,100,100,90,80,100,9,,9,9,8,8,9,9,8,9,5,5,,,,2,,"It is an obvious pattern whenever these events happen that there is a coverup, you just have to research the track record",,5,N/A,65d219ae5dfcb3e376af3e01
2024-04-22 18:46:20,2024-04-22 18:56:52,0,174.202.66.148,100,631,1,2024-04-22 18:56:52,R_8yBg9f5qIAPudeF,,,,,39.7661,-86.1735,anonymous,EN,1,1,6,1,1,1,1,1,9,1,7,1,1,1,1,1,1,1,11,1,1,1,,,,,,,,,,,,,,,,,,,,,,,,,,,,,,,,,,,,,,,2,3,1,1,,,,4,N/A,642c9e92b3a29facaa9f48a0
2024-04-22 18:52:55,2024-04-22 19:02:56,0,45.36.243.153,100,601,1,2024-04-22 19:02:57,R_5xB088PNm2uD9Jf,,,,,36.0217,-79.7839,anonymous,EN,1,1,1,1,8,1,1,1,9,1,7,1,10,1,1,1,1,1,11,1,11,1,,,,,,,,,,,,,,,,,,,,,,100,100,90,100,100,9,,1,7,7,7,1,4,3,9,7,4,3,3,2,,,,,4,"I have seen a lot of stuff in this world. A lot of it is suppressed and or not privy to those who do not delve into it. Roswell aliens and covid lab in China.  The media will lie to you as usual. I wont say the end of times. But if not, it sure is putting up a front for it. Thank you, and have a good day. ",5c65b3d45416680001bed9fa
2024-04-22 18:41:51,2024-04-22 19:03:36,0,184.98.75.181,100,1305,1,2024-04-22 19:03:37,R_11EByk8pWYk7R9F,,,,,33.6563,-112.1706,anonymous,EN,1,1,6,1,7,1,7,2,9,1,1,1,10,1,7,1,1,1,1,1,11,1,,,,,"YES, I believe in a young earth.  I do not accept the tax supported theory of evolution.",,,,,,,,,,,,,,,,,100,100,100,60,100,9,,9,9,9,7,5,9,9,1,9,7,,,,2,,"I'm unsure of which question, you asked several.  it's a bit confusing. the vaccine question has been verified by personal treatment and independent studies that were banned on social platforms",,3,"Yes, in one of the questions you tied in 3 questions at once. One of them asking if I believe if dinosaurs exist...which I do.  The other two questions were regarding fossil fuels, and the other one I don't remember but I completely disagree with.  They should have been asked as three separate questions.  ",661c72551ca02274ef3b9129
2024-04-22 18:57:18,2024-04-22 19:07:22,0,172.58.146.83,100,604,1,2024-04-22 19:07:23,R_4xQQVLUztAYvkqE,,,,,36.0571,-86.6729,anonymous,EN,1,1,6,1,7,2,1,1,1,1,7,1,1,1,1,1,1,1,1,1,1,1,,,"I was confused. ",4,,,,,,,,,,,,,,,,,,70,80,100,20,80,8,,1,5,5,1,1,5,5,5,5,1,4,4,4,,,,,1,,642c4f6e95f13dc4c1b54712
2024-04-22 18:56:48,2024-04-22 19:08:06,0,71.203.144.14,100,677,1,2024-04-22 19:08:06,R_7QlVDNzAkuGE0v5,,,,,30.45,-81.6624,anonymous,EN,1,1,1,1,8,1,1,1,9,1,7,1,10,1,7,1,1,1,11,1,1,1,,,,,,,,,,,,,,,,,,,,,,100,100,30,100,100,9,,1,5,7,2,1,4,3,7,2,1,,,,2,,I used the information and links given to verify it.,,5,,63d193c45e01ccb694993e7f
2024-04-22 18:52:39,2024-04-22 19:08:11,0,184.57.198.45,100,932,1,2024-04-22 19:08:12,R_7rP6zCHXYHiby61,,,,,39.2413,-84.5455,anonymous,EN,1,1,1,1,8,1,7,2,7,1,7,1,10,2,1,1,1,1,11,1,1,1,,,,,Continental drift is an unproven theory. I have seen no actual evidence for it. Flooding and receding of waters are more likely the cause of coastline changes throughout history.,7,,,,,"There is no scientific evidence that the earth moves at all except for earthquakes. The sun is clearly moving around the earth in a daily circular pattern. The sun is much smaller and closer than we have been taught. ",5,,,,,,,,,,,,,,,,,,,,,,,,,,,2,4,2,2,,"I have been studying this information for many years. Real science is not consensus alone. Peer review is rigged and fraudulent. We are not being given the truth about many things and most ""scientists"" don't even know that they are wrong and refuse to reinvestigate the topics.",,3,,6286883dfdadd2d772aa2a72
2024-04-22 19:06:58,2024-04-22 19:11:22,0,72.225.57.253,100,264,1,2024-04-22 19:11:23,R_6wQXK4B4RKfBCi4,,,,,43.1806,-77.5948,anonymous,EN,1,1,1,1,1,1,1,1,7,1,1,1,10,1,7,1,1,1,11,1,11,1,,,,,,,,,,,,,,,,,,,,,,100,90,90,90,90,9,,5,9,9,8,9,9,9,9,4,5,3,3,4,,,,,3,,6085e7b2cefdf1c11ed41546
2024-04-22 19:06:35,2024-04-22 19:20:41,0,67.174.71.52,100,846,1,2024-04-22 19:20:42,R_56eChgSRNL7DicV,,,,,38.0936,-78.5623,anonymous,EN,1,1,1,1,8,1,7,1,7,1,7,1,10,1,1,1,1,1,1,1,1,1,,,,,,,,,,,,,,,,,,,,,,70,70,80,70,80,6,,6,7,6,6,5,9,5,8,6,3,,,,1,,,,3,,5b6d9fa021dca60001d13f02
2024-04-22 19:12:27,2024-04-22 19:21:31,0,47.17.253.110,100,543,1,2024-04-22 19:21:31,R_4QWDJtVgfWHIblB,,,,,40.6844,-73.4183,anonymous,EN,1,1,1,1,8,1,7,1,7,1,7,1,10,1,1,1,1,1,11,1,11,1,,,,,,,,,,,,,,,,,,,,,,70,100,60,80,90,7,,1,8,8,6,1,9,5,6,7,1,3,3,3,,,,,2,This was a fun study....thank you!!!!,660ea96849b96ac7f24c6878
2024-04-22 19:19:25,2024-04-22 19:24:45,0,99.179.4.21,100,319,1,2024-04-22 19:24:46,R_1hlwcPX4xwQQlPl,,,,,30.1503,-97.2865,anonymous,EN,1,1,6,1,8,1,1,1,7,1,7,1,10,1,1,1,1,1,11,1,11,1,,,,,,,,,,,,,,,,,,,,,,,,,,,,,,,,,,,,,,,2,2,1,2,,Have an educational background in anthropology and took a lot of science courses. I trust scientists generally but not always the way the findings are relayed.,,5,,65f772f3aa9026db59ec6685
2024-04-22 19:25:12,2024-04-22 19:28:44,0,35.145.52.102,100,212,1,2024-04-22 19:28:45,R_1D64DhFtfQIBhm5,,,,,28.5727,-80.8206,anonymous,EN,1,1,1,1,7,1,7,2,7,1,7,1,10,1,1,1,1,1,1,1,11,1,,,,,,5,,,,,,,,,,,,,,,,100,100,100,100,100,9,,9,9,9,9,9,9,9,9,9,9,,,,2,,"My own research, we were lied to in school",,5,,5a5da588f6c51700019527c4
2024-04-22 19:21:26,2024-04-22 19:32:44,0,66.45.147.204,100,677,1,2024-04-22 19:32:45,R_6t3Unk4oTdO6i0F,,,,,43.5229,-96.786,anonymous,EN,1,1,1,1,8,1,1,1,7,1,1,1,10,1,1,1,11,1,1,1,1,1,,,,,,,,,,,,,,,,,,,,,,90,90,90,90,90,8,,4,6,6,2,2,8,5,8,5,1,3,3,4,,,,,2,,653f2424042d03012eb92ef5
2024-04-22 19:25:42,2024-04-22 19:36:11,0,107.116.253.53,100,628,1,2024-04-22 19:36:11,R_22lZ9DkKo25zJXw,,,,,42.4652,-83.3713,anonymous,EN,1,1,1,1,8,1,1,1,7,1,7,1,10,1,1,1,11,1,1,1,1,1,,,,,,,,,,,,,,,,,,,,,,100,100,100,100,100,9,,6,7,8,7,7,8,7,4,6,6,2,2,2,,,,,5,N/A,655e6b9b6bc36290dedd1bdf
2024-04-22 19:15:29,2024-04-22 19:38:52,0,108.4.114.122,100,1402,1,2024-04-22 19:38:53,R_7mGQDkGNw9pjUhH,,,,,37.5453,-77.9187,anonymous,EN,1,1,1,1,8,1,1,1,7,1,7,1,10,1,1,1,1,1,11,1,1,1,,,,,,,,,,,,,,,,,,,,,,90,80,70,80,90,7,,5,8,9,2,1,7,5,9,8,1,3,3,3,,,,,5,,6593443d4000890470adb313
2024-04-22 19:38:33,2024-04-22 19:48:21,0,66.52.86.182,100,588,1,2024-04-22 19:48:22,R_3ACwRVszHRIiu0V,,,,,30.2256,-95.3535,anonymous,EN,1,1,1,1,8,1,1,1,1,1,7,1,10,1,1,1,1,1,11,1,1,1,,,,,,,,,,,,,,,,,,,,,,30,30,70,40,70,4,,8,4,7,6,6,6,4,5,6,7,,,,1,,,,3,,602b456e7cdd702772f52e13
2024-04-22 19:22:06,2024-04-22 19:49:19,0,76.87.233.110,100,1632,1,2024-04-22 19:49:20,R_1sVoAvdjdzxt23T,,,,,34.169,-118.3713,anonymous,EN,1,1,3,1,1,1,1,1,7,1,1,1,10,1,1,1,1,1,1,2,1,1,,,,,,,,,,,,,,,,,I thought it was made up of that.,4,,,,100,100,100,100,100,8,,9,9,9,5,7,8,7,9,9,7,,,,1,,,,3,I really enjoyed this study!,62bb42e2f21cfdb280cc975f
2024-04-22 19:43:45,2024-04-22 19:54:56,0,172.77.30.188,100,670,1,2024-04-22 19:54:56,R_1SCgKFs9DXfGGt9,,,,,40.3957,-120.6461,anonymous,EN,1,1,1,1,7,1,1,1,9,1,7,2,10,1,1,1,1,1,11,1,1,1,,,,,,,,,"Lasers operate based on the principles of stimulated emission of electromagnetic radiation, typically light. ",4,,,,,,,,,,,,,,,,,,,,,,,,,,,,,3,3,4,1,,,,5,,5c796f4b4855980016a15557
2024-04-22 19:53:32,2024-04-22 20:00:05,0,23.120.66.215,100,393,1,2024-04-22 20:00:06,R_53qgyQTOQlJUGHN,,,,,42.8895,-87.9074,anonymous,EN,1,1,1,1,8,1,1,1,9,1,7,1,10,1,1,1,1,1,11,1,1,1,,,,,,,,,,,,,,,,,,,,,,,,,,,,,,,,,,,,,,,3,3,3,2,,By looking through multiple sources on a given topic.,,2,,661aa17ad7ad8f4657e59dcd
2024-04-22 20:02:46,2024-04-22 20:09:24,0,166.196.89.83,100,397,1,2024-04-22 20:09:24,R_2o75i1UErvMW5MN,,,,,35.2227,-80.7938,anonymous,EN,1,1,1,1,8,1,1,1,9,1,7,1,10,1,1,1,1,1,11,1,1,1,,,,,,,,,,,,,,,,,,,,,,80,90,30,50,60,7,,5,5,5,3,1,8,5,5,9,2,3,3,2,,,,,6,,614f4d4860dfe4045d2e46c5
2024-04-22 20:01:18,2024-04-22 20:09:26,0,72.160.106.35,100,487,1,2024-04-22 20:09:26,R_2Ugd0MY4mJEuz5e,,,,,47.6377,-121.9124,anonymous,EN,1,1,6,1,1,2,1,1,9,2,1,1,1,1,7,2,11,1,1,1,1,1,,,Different knowledge and experience.,4,,,A mothers choice not the fathers choice because of religious beliefs.,4,,,,,Gained through knowledge and skills.,4,,,,,,,,90,100,100,100,100,9,,5,9,7,9,6,9,9,9,9,4,2,3,3,,,,,5,n/a,606537639bc40e88e953c584
2024-04-22 20:07:28,2024-04-22 20:14:00,0,76.26.246.245,100,392,1,2024-04-22 20:14:01,R_8SpLZ7ITy9yrFAv,,,,,28.8024,-81.5316,anonymous,EN,1,1,1,1,1,1,1,1,7,1,7,1,10,1,1,1,1,1,11,1,11,1,,,,,,,,,,,,,,,,,,,,,,90,90,50,20,60,7,,1,1,9,9,1,9,5,7,8,1,,,,1,,,,2,No comments at this time. Thank you! Have a great week,5d88dcb723dfcc00151fd043
2024-04-22 20:05:44,2024-04-22 20:18:19,0,73.156.177.118,100,755,1,2024-04-22 20:18:20,R_5i3PFYD7qAD44Qa,,,,,26.6067,-81.9507,anonymous,EN,1,1,1,1,8,1,1,1,7,1,1,1,10,1,1,1,11,1,1,1,1,1,,,,,,,,,,,,,,,,,,,,,,100,100,90,80,100,8,,5,1,5,9,1,7,5,1,5,1,,,,1,,,,2,,5c110067753adc00015913e3
2024-04-22 20:12:42,2024-04-22 20:21:49,0,75.146.95.1,100,546,1,2024-04-22 20:21:50,R_3kFGYKgtUWPHjos,,,,,33.5985,-81.9688,anonymous,EN,1,1,6,1,1,1,7,1,7,1,1,1,10,1,7,1,1,1,1,1,1,1,,,,,,,,,,,,,,,,,,,,,,50,100,0,0,0,8,,1,2,2,4,1,2,2,7,7,7,2,2,2,,,,,3,no,5c10724111fe9a00013cd815
2024-04-22 20:17:30,2024-04-22 20:28:14,0,174.247.82.103,100,643,1,2024-04-22 20:28:14,R_8P3UJBuKHTe8LhD,,,,,40.6832,-76.2113,anonymous,EN,1,1,6,1,8,1,1,1,7,1,1,1,7,1,7,1,11,2,11,1,1,1,,,,,,,,,,,,,,,"To be honest, I did actually hear the concept that like travels fashion and sound so I’m not sure why I picked that answer.",4,,,,,,100,100,10,20,70,4,,4,9,5,1,1,5,5,7,5,1,2,3,2,,,,,6,"Thank you so much for providing me with this opportunity. As well conspiracy theories 😂 good topic at the end ",6609d74682c4a03389ac89dd
2024-04-22 20:22:07,2024-04-22 20:30:09,0,76.16.115.207,100,481,1,2024-04-22 20:30:09,R_3wvHGNadKWqBQmB,,,,,41.5681,-87.1749,anonymous,EN,1,1,6,1,1,1,1,1,9,1,1,2,1,1,1,1,1,1,1,2,11,1,,,,,,,,,"I accidentally clicked the other answer I'm not going to lie. As soon as I clicked it on accident I was like ""Sh*t"". I meant to choose the other answer on this one, I'm sorry.",4,,,,,,,I misunderstood this question. This one confused me the most even though it's right in front of me. Sorry.,4,,,,30,20,80,80,60,6,,1,9,3,1,1,4,5,9,5,1,3,3,4,,,,,2,,6537d0b80fdd63759b36b4a4
2024-04-22 20:29:10,2024-04-22 20:34:19,0,134.228.229.229,100,308,1,2024-04-22 20:34:20,R_1pF7gjpOye092oN,,,,,41.703,-83.571,anonymous,EN,1,1,1,1,8,1,1,1,7,1,1,1,10,1,1,1,11,1,11,1,1,1,,,,,,,,,,,,,,,,,,,,,,90,80,80,60,90,8,,6,9,7,2,4,6,7,9,4,2,,,,2,,"A lot of this I have already learned, but I can't personally verify it bc I can't run the tests. ",,3,,60bf0588f7ab7b40dd34083f
2024-04-22 20:33:07,2024-04-22 20:38:19,0,172.59.169.83,100,312,1,2024-04-22 20:38:20,R_5XsSrmTPZIpwLVD,,,,,38.6142,-90.291,anonymous,EN,1,1,1,1,8,1,7,1,7,1,7,1,10,1,1,1,1,1,11,1,1,1,,,,,,,,,,,,,,,,,,,,,,70,80,60,70,70,6,,5,5,5,5,1,9,6,7,5,1,3,3,3,,,,,4,,5e42fc295135b5000cd20d0b
2024-04-22 20:35:21,2024-04-22 20:38:38,0,172.56.71.89,100,196,1,2024-04-22 20:38:39,R_6zvf0xYJqhm0mAO,,,,,33.7468,-84.3137,anonymous,EN,1,1,1,1,7,1,7,1,7,1,7,1,10,1,1,1,1,1,11,1,1,1,,,,,,,,,,,,,,,,,,,,,,,,,,,,,,,,,,,,,,,3,3,4,2,,I have done several science experiments to prove a lot of these ideas.,,5,,6501b7e14d8db7ac93372866
2024-04-22 20:43:02,2024-04-22 20:45:22,0,174.174.74.165,100,140,1,2024-04-22 20:45:23,R_2MRrkhQlPaOCmjb,,,,,44.9466,-123.0105,anonymous,EN,1,1,3,1,1,1,1,1,7,1,1,1,10,1,1,1,1,1,1,2,1,1,,,,,,,,,,,,,,,,,error,4,,,,,,,,,,,,,,,,,,,,,3,3,3,1,,,,5,,6571e4f4cfa8086f608fabf3
2024-04-22 20:46:13,2024-04-22 20:56:13,0,99.11.181.208,100,600,1,2024-04-22 20:56:13,R_5zCmH76wB69qBfk,,,,,30.2393,-95.5409,anonymous,EN,1,1,1,1,8,1,1,1,9,1,7,1,10,1,1,1,1,1,11,1,1,1,,,,,,,,,,,,,,,,,,,,,,60,70,60,20,30,7,,1,5,6,6,1,6,6,3,7,1,,,,2,,looking it up online from at least 2-3 sources,,4,,65df777e92f7a26044b7ae97
2024-04-22 20:43:42,2024-04-22 21:02:05,0,172.113.230.20,100,1102,1,2024-04-22 21:02:06,R_70jiejkPvPJzb08,,,,,33.9883,-118.3294,anonymous,EN,1,1,1,1,8,1,1,1,7,1,7,1,10,1,1,1,11,1,1,1,1,1,,,,,,,,,,,,,,,,,,,,,,,,,,,,,,,,,,,,,,,3,3,5,1,,,,5,,655f8d03e234484afb1c3d51
2024-04-22 21:01:49,2024-04-22 21:04:06,0,152.15.112.143,100,136,1,2024-04-22 21:04:06,R_7gGIVxj4l0eCucN,,,,,35.3193,-80.7456,anonymous,EN,1,1,1,1,8,1,1,1,1,1,1,2,10,1,1,1,1,1,1,2,1,1,,,,,,,,,No I did not know this question.,4,,,,,,,I knew this one and just blanked on the answer.,4,,,,,,,,,,,,,,,,,,,,,3,3,4,1,,,,3,,6035e4f319ae614980177538
2024-04-22 20:58:10,2024-04-22 21:17:51,0,146.168.144.208,100,1180,1,2024-04-22 21:17:51,R_2pXz3SehLMz9oHA,,,,,38.2573,-76.4498,anonymous,EN,1,1,1,1,8,1,1,1,9,2,7,1,10,1,1,1,1,1,11,1,1,1,,,,,,,"I thought I read it said in most cases women transmit an X chromosome, but now I'm not sure.",4,,,,,,,,,,,,,,80,90,60,80,100,7,,6,5,9,8,3,8,5,1,5,5,,,,2,,"Instead of taking what the mainstream talking point is and immediately accepting it, I like to do further research myself.",,1,No.,63dcbb18395960c5560fadb8
2024-04-22 21:23:07,2024-04-22 21:26:34,0,47.226.90.213,100,206,1,2024-04-22 21:26:34,R_5YQSqVr0fSkDjAY,,,,,36.3031,-88.3126,anonymous,EN,1,1,1,1,8,1,1,1,7,1,7,1,10,1,1,1,1,1,1,1,1,1,,,,,,,,,,,,,,,,,,,,,,,,,,,,,,,,,,,,,,,3,4,3,1,,,,2,"Everything was clear and understood, thank you. ",5e80a85916cd8c000ad9cd65
2024-04-22 21:27:38,2024-04-22 21:33:33,0,72.134.35.113,100,355,1,2024-04-22 21:33:34,R_1MPsEZAd4nGT7cL,,,,,34.0903,-118.3749,anonymous,EN,1,1,1,1,1,2,1,1,9,1,1,1,10,1,7,1,1,1,11,1,1,1,,,I thought antibiotics kills every bit of poison.,4,,,,,,,,,,,,,,,,,,,,,,,,,,,,,,,,,,,1,1,1,2,,I already knew of the information presented to me for years.,,2,No.,5d1c364ec2696c0019647629
2024-04-22 21:34:08,2024-04-22 21:37:31,0,75.131.241.170,100,202,1,2024-04-22 21:37:31,R_1el6ObdLFfHyvD3,,,,,30.4856,-90.0977,anonymous,EN,1,1,1,1,8,1,1,1,9,1,7,1,10,1,1,1,1,1,1,1,1,1,,,,,,,,,,,,,,,,,,,,,,100,100,100,90,100,8,,7,9,9,9,5,9,9,9,9,8,2,2,2,,,,,2,,5fc6ca6e040c3f0c0dc914ad
2024-04-22 21:31:00,2024-04-22 21:38:47,0,174.194.9.217,100,466,1,2024-04-22 21:38:47,R_33lfAsLKZ6IMcLL,,,,,39.968,-86.0853,anonymous,EN,1,1,1,1,8,1,1,1,7,1,1,1,10,1,1,1,1,1,11,1,1,1,,,,,,,,,,,,,,,,,,,,,,,,,,,,,,,,,,,,,,,2,3,2,2,,I googled it and read information from various sources.,,3,,5e94fc39cc318836529fd876
2024-04-22 21:34:52,2024-04-22 21:40:12,0,107.123.33.101,100,319,1,2024-04-22 21:40:12,R_73EFnGDYi6fM50R,,,,,25.7807,-80.2952,anonymous,EN,1,1,1,1,8,1,1,1,7,1,7,1,10,1,1,1,11,1,11,1,1,1,,,,,,,,,,,,,,,,,,,,,,,,,,,,,,,,,,,,,,,3,4,3,2,,Many of these tidbits of information are taught as introduction to different subjects. I have either studied this or have used Google  Academic to verify.,,3,None,6046704ff3ce6104ad162a61
2024-04-22 21:43:04,2024-04-22 21:44:53,0,35.150.236.73,100,108,1,2024-04-22 21:44:53,R_261X1hkywUQQbYJ,,,,,33.9588,-83.4384,anonymous,EN,1,1,1,1,1,1,1,1,9,1,1,1,10,1,1,1,1,1,1,1,1,1,,,,,,,,,,,,,,,,,,,,,,100,100,100,100,100,9,,1,9,9,9,1,9,5,9,9,1,1,1,1,,,,,4,,62f70dd38becd2f7f2ce53a8
2024-04-22 21:43:30,2024-04-22 21:51:48,0,35.148.142.45,100,497,1,2024-04-22 21:51:48,R_3q27hSLtKDXLTJt,,,,,36.7328,-76.5898,anonymous,EN,1,1,1,2,8,1,7,1,7,1,1,1,10,1,7,1,1,1,11,1,1,2,"I'm not sure, I dont' understand it",7,,,,,,,,,,,,,,,,,"I'm not sure, I dont' understand it",5,,,,,,,,,,,,,,,,,,,1,1,1,3,"I'm not sure, you cant trust any party",,,3,,62e6c5d05d354e1f99d612e4
2024-04-22 21:26:44,2024-04-22 21:52:11,0,149.106.51.240,100,1526,1,2024-04-22 21:52:12,R_7Fs7J5RiQmZI1Cd,,,,,36.1732,-85.4536,anonymous,EN,1,1,1,1,8,1,1,1,7,1,7,1,10,1,7,1,1,1,1,1,1,1,,,,,,,,,,,,,,,,,,,,,,,,,,,,,,,,,,,,,,,4,4,5,1,,,,3,,627809c52874925390a423a6
2024-04-22 21:44:43,2024-04-22 21:55:29,0,73.84.124.180,100,645,1,2024-04-22 21:55:29,R_7LLnFkSqoeA9Kwk,,,,,26.6543,-80.1256,anonymous,EN,1,1,3,1,1,1,1,1,7,1,7,1,10,1,1,1,1,1,11,1,1,1,,,,,,,,,,,,,,,,,,,,,,100,80,90,100,70,9,,9,9,9,3,7,8,5,6,9,5,3,3,4,,,,,3,,6568ffef59f114b386a7ad7d
2024-04-22 21:51:12,2024-04-22 21:55:38,0,207.166.54.97,100,266,1,2024-04-22 21:55:39,R_3VUp32mlOKQSOc1,,,,,38.4207,-121.3623,anonymous,EN,1,1,1,1,7,1,1,1,9,1,7,1,10,1,1,1,1,1,1,1,1,1,,,,,,,,,,,,,,,,,,,,,,,,,,,,,,,,,,,,,,,2,2,3,1,,,,5,,5bf6fc936c445d0001aeba98
2024-04-22 21:51:38,2024-04-22 21:56:16,0,172.56.15.162,100,277,1,2024-04-22 21:56:16,R_72kXIXWvJbRR0aT,,,,,29.8284,-95.4696,anonymous,EN,1,1,6,1,8,1,1,1,7,1,1,1,10,1,1,1,1,1,11,1,1,1,,,,,,,,,,,,,,,,,,,,,,100,100,100,100,100,9,,9,9,9,9,1,9,9,9,5,9,2,2,1,,,,,3,,5d61a3001c84fc001780f4ad
2024-04-22 21:47:50,2024-04-22 21:59:21,0,104.35.114.55,100,691,1,2024-04-22 21:59:22,R_5jTkYt5MbVu8J9K,,,,,34.1765,-118.614,anonymous,EN,1,1,1,1,8,1,1,1,9,1,7,1,10,1,7,2,1,1,11,1,1,1,,,,,,,,,,,,,It just doesn't sit well with me.,5,,,,,,,,90,100,70,80,90,8,,1,5,6,4,1,6,4,1,8,8,3,3,3,,,,,3,"The so-called science proof of some things that they have presented to people is not scientific at all, but based on their own biased beliefs and presumptions and ideas.",65fcaa30c61e9b7657625912
2024-04-22 21:40:06,2024-04-22 22:04:15,0,35.149.160.161,100,1448,1,2024-04-22 22:04:16,R_7mykQlFosFVTLb0,,,,,42.4638,-123.3464,anonymous,EN,1,1,1,1,8,1,1,1,9,2,7,1,10,1,1,1,1,1,11,1,1,1,,,,,,,I was wrong. I agree with scientific consensus.,4,,,,,,,,,,,,,,,,,,,,,,,,,,,,,,,3,3,3,3,Because i recall previously being taught that,,,3,,5ff501a5c92b36cd57eb1bc1
2024-04-22 21:52:17,2024-04-22 22:05:07,0,172.58.251.152,100,770,1,2024-04-22 22:05:08,R_16gtSBWbsrZGbB2,,,,,35.2296,-80.843,anonymous,EN,1,1,1,1,1,1,7,1,9,1,7,1,7,2,1,1,1,1,1,1,1,1,,,,,,,,,,,"Yes the scientist now more than I do ",4,,,,,,,,,,100,100,100,100,100,7,,5,9,9,5,1,5,7,9,5,1,4,3,2,,,,,2,,62f0f422c25e8ccbcb742154
2024-04-22 21:57:20,2024-04-22 22:07:45,0,75.182.252.237,100,624,1,2024-04-22 22:07:45,R_2UW16lszzj2UBGT,,,,,36.1219,-79.7777,anonymous,EN,1,1,6,1,8,1,1,1,7,1,1,1,10,1,1,1,1,1,11,1,1,1,,,,,,,,,,,,,,,,,,,,,,100,100,100,100,100,8,,9,9,6,5,5,9,8,9,5,5,,,,1,,,,5,,5d697ea28572fc000126b779
2024-04-22 22:00:13,2024-04-22 22:09:04,0,161.82.89.29,100,530,1,2024-04-22 22:09:04,R_2W3SfNIdqcmKJTb,,,,,36.5037,-87.2729,anonymous,EN,1,1,3,1,8,1,1,1,7,1,1,1,10,1,7,1,11,1,1,1,1,1,,,,,,,,,,,,,,,,,,,,,,20,10,70,10,10,9,,9,9,7,8,6,7,5,5,8,6,3,1,1,,,,,4,,5cf3115e978d46001924e679
2024-04-22 22:04:06,2024-04-22 22:17:05,0,70.94.41.82,100,778,1,2024-04-22 22:17:05,R_7GPu6VG7U4hyB3j,,,,,39.249,-94.4232,anonymous,EN,1,1,1,1,7,1,1,1,7,1,7,1,7,1,1,1,1,1,11,1,11,1,,,,,,,,,,,,,,,,,,,,,,100,80,90,90,100,7,,5,7,7,3,3,7,5,8,5,1,,,,1,,,,3,This was fun and educational. Thank you,5b94d8fe754b700001f05b72
2024-04-22 22:09:59,2024-04-22 22:17:40,0,50.159.10.164,100,460,1,2024-04-22 22:17:41,R_7usWKnkArxhZWzm,,,,,35.9854,-115.1193,anonymous,EN,1,1,3,1,8,1,1,1,7,1,7,1,1,1,1,1,1,1,11,1,1,1,,,,,,,,,,,,,,,,,,,,,,90,100,70,80,100,8,,8,8,8,6,5,8,8,8,8,2,3,3,2,,,,,3,Great survey. I wish that you could tell the answers to these much debated questions.,615164c0f942f5f7e062196b
2024-04-22 22:12:31,2024-04-22 22:19:13,0,73.11.84.147,100,401,1,2024-04-22 22:19:13,R_2EvK7ROOR8073qx,,,,,45.6652,-122.5215,anonymous,EN,1,1,6,2,1,1,1,1,7,1,1,1,10,1,1,1,1,1,11,1,1,1,"I was incorrect on this. ",1,,,,,,,,,,,,,,,,,,,,100,100,100,100,100,9,,5,9,9,9,1,9,5,9,6,5,,,,2,,"Some of the questions I've done my own research on, others I can see with my own eyes. ",,3,,631f3abc8826b6e7e8982648
2024-04-22 22:03:00,2024-04-22 22:22:51,0,71.138.89.249,100,1191,1,2024-04-22 22:22:52,R_7YtxZG1gFglsKJa,,,,,29.0329,-95.4027,anonymous,EN,1,1,6,1,8,1,1,1,7,1,1,1,10,1,7,1,1,1,11,1,11,1,,,,,,,,,,,,,,,,,,,,,,100,100,100,100,100,9,,3,9,9,5,1,8,8,9,5,1,3,3,3,,,,,2,I accidentally submitted the survey without the code. I am now sending you the code manually. Not sure how this happened. Sorry.,5f0a7dec44c42c19a6c9f6d9
2024-04-22 22:30:57,2024-04-22 22:35:40,0,166.199.114.37,100,282,1,2024-04-22 22:35:40,R_7ozLIzo0d7EY22m,,,,,39.9544,-75.1657,anonymous,EN,1,1,1,1,8,1,1,1,7,1,7,1,10,1,1,1,1,1,11,1,1,1,,,,,,,,,,,,,,,,,,,,,,60,80,50,50,60,6,,1,6,6,6,1,2,3,6,6,4,3,3,2,,,,,3,,63a4af8f8b8722876fa88952
2024-04-22 22:36:57,2024-04-22 22:40:48,0,174.229.178.160,100,230,1,2024-04-22 22:40:48,R_49KHh01m6wfvsrf,,,,,44.9618,-93.2638,anonymous,EN,1,1,6,1,8,1,1,1,1,1,1,1,10,1,1,1,1,1,11,1,1,1,,,,,,,,,,,,,,,,,,,,,,,,,,,,,,,,,,,,,,,3,3,3,1,,,,4,,65d6c06fdab6027eb01ed62c
2024-04-22 22:39:00,2024-04-22 22:49:05,0,174.236.97.15,100,605,1,2024-04-22 22:49:06,R_18SnrccXgVTFlf3,,,,,34.1147,-117.3845,anonymous,EN,1,1,6,1,7,1,1,1,7,1,7,1,1,1,1,1,1,1,1,1,1,1,,,,,,,,,,,,,,,,,,,,,,100,100,60,60,100,5,,9,9,9,7,7,9,5,7,5,1,,,,3,"I agree because the explaination makes sense ",,,4,,615993153e17441c2e8d6c92
2024-04-22 22:46:51,2024-04-22 22:51:31,0,107.115.153.64,100,279,1,2024-04-22 22:51:31,R_7sYZ5W4dRWMKW8l,,,,,29.9317,-90.1026,anonymous,EN,1,1,1,1,8,1,1,1,7,1,7,1,10,1,1,1,1,1,11,1,1,1,,,,,,,,,,,,,,,,,,,,,,100,90,90,100,100,9,,5,6,6,6,2,6,6,6,5,3,4,4,3,,,,,3,,5a6c248d3fb6420001c302fb
2024-04-22 22:48:12,2024-04-22 22:53:40,0,172.59.33.46,100,327,1,2024-04-22 22:53:41,R_7WvVg95ogehVNhn,,,,,39.9758,-83.12,anonymous,EN,1,1,1,1,8,1,1,1,7,1,1,1,10,1,1,1,1,1,11,1,1,1,,,,,,,,,,,,,,,,,,,,,,100,100,70,30,100,9,,1,1,7,1,1,1,5,1,5,1,3,3,3,,,,,6,,65d7a6c069ba15054c1615e8
2024-04-22 23:03:34,2024-04-22 23:09:30,0,97.131.21.239,100,356,1,2024-04-22 23:09:31,R_10eIl09F9rIUxDj,,,,,33.9959,-117.3722,anonymous,EN,1,1,1,1,8,1,1,1,7,1,7,1,10,1,1,1,1,1,11,1,1,1,,,,,,,,,,,,,,,,,,,,,,100,100,100,100,100,9,,5,7,9,9,3,9,7,5,9,5,,,,2,,most of the questions i already knew the answer to because i researched it a long time ago,,2,,64045adff6fa742a6d7f4409
2024-04-22 22:53:33,2024-04-22 23:15:35,0,76.177.1.70,100,1321,1,2024-04-22 23:15:35,R_7eLFatpwgdV9VHV,,,,,37.7548,-84.2985,anonymous,EN,1,1,1,1,8,1,1,1,7,1,7,1,10,1,1,1,1,1,11,1,1,1,,,,,,,,,,,,,,,,,,,,,,,,,,,,,,,,,,,,,,,3,3,2,2,,"The information presented is basic knowledge we learn throughout ours lives. Light travels faster than sound. The fathers genes decide whether ba baby will be male or female. Diamonds are formed from carbon. Calcium carbonate is not sodium chloride. It takes the earth 365.2ish to orbit our sun. Yes, water is 2 hydrogen, 1 oxygen. And and electron is much smaller than an atom. All things we learn in school. Oh and lasers use light waves not sound waves.",,2,Thank you.,60c029faa1d9b671a584f3ca
2024-04-22 23:06:13,2024-04-22 23:15:58,0,47.144.39.161,100,585,1,2024-04-22 23:15:59,R_3pMykvLulrCTjQl,,,,,34.2268,-119.0488,anonymous,EN,1,1,1,1,8,1,1,1,7,1,7,1,10,1,1,1,1,1,1,1,1,1,,,,,,,,,,,,,,,,,,,,,,,,,,,,,,,,,,,,,,,3,3,2,2,,"For light traveling faster then sound it's obviously verifiable because you see lightning before you hear thunder, lasers are visible so obviously they are made of light not sound, the definition of water is H2O so if something isn't H2O then it isn't water.  The vast majority of the questions were extremely common sense if you think about them for any amount of time.",,3,No problems.,6074b929f753216d88c77e88
2024-04-22 23:09:56,2024-04-22 23:16:21,0,24.20.38.185,100,385,1,2024-04-22 23:16:21,R_3PREmmiJ3N2nY7u,,,,,45.3993,-122.6079,anonymous,EN,1,1,1,1,8,1,1,1,7,1,7,1,10,1,1,1,1,1,1,1,1,1,,,,,,,,,,,,,,,,,,,,,,100,100,40,70,100,7,,7,9,7,6,2,9,5,6,6,1,,,,3,"I don't trust scientists, but those are the current established 'facts'. Which, on the mundane side of things, are likely true. ",,,3,,5d100e740277ff00152f7562
2024-04-22 22:57:46,2024-04-22 23:24:04,0,107.203.63.228,100,1578,1,2024-04-22 23:24:05,R_7qeJmRE62tIKQiC,,,,,36.0055,-96.1096,anonymous,EN,1,1,1,1,8,1,1,1,7,1,7,1,10,1,1,1,1,1,11,1,1,1,,,,,,,,,,,,,,,,,,,,,,100,100,100,50,80,9,,7,9,9,3,1,1,5,5,1,1,,,,3,I take nothing that anyone tells me at face value. Lots of studying and verifying accuracy of the things that I was taught my entire life.,,,1,No,609e28fc803b1238af34d1c4
2024-04-22 23:19:22,2024-04-22 23:32:30,0,98.1.75.29,100,787,1,2024-04-22 23:32:30,R_3QSGC1OGtU9F86r,,,,,43.093,-78.9635,anonymous,EN,1,1,1,1,8,1,1,1,7,1,7,1,10,1,1,1,1,1,11,1,1,1,,,,,,,,,,,,,,,,,,,,,,80,90,70,50,70,7,,5,8,8,5,1,7,8,1,7,5,,,,1,,,,4,"Yes, we only know what we are told by people who d USUALLY have an agenda.   We don't know the truth only what we have been led to believe.   We can only trust God Almighty and His Word and pray for discernment and wisdom. No I don't believe we evolved from apes. No I don't believe everything came into existence by two inanimate objects crashing together. ",5fe2bc6c9177396d90ae7f54
2024-04-22 23:26:04,2024-04-22 23:40:00,0,174.215.245.178,100,836,1,2024-04-22 23:40:00,R_3KI3EWyZ6OZGjWr,,,,,41.212,-96.1101,anonymous,EN,1,1,1,1,1,2,1,2,7,1,7,1,1,1,7,1,1,1,1,1,1,1,,,"I could be wrong, but I thought they killed viruses as well.",4,I do not believe without a doubt the earth has been around for millions of years.,7,,,,,,,,,,,,,,,,,,,,,,,,,,,,,,,,,3,3,3,2,,I either realized I was wrong or it sounded logical in my mind.,,3,,65fae9bae19fdac21d3149df
2024-04-22 23:35:52,2024-04-22 23:43:06,0,172.58.89.39,100,433,1,2024-04-22 23:43:07,R_1rOzj2dxaL0vBbr,,,,,37.7771,-122.406,anonymous,EN,1,1,1,1,1,1,1,1,7,1,1,1,10,1,1,1,1,1,1,1,1,1,,,,,,,,,,,,,,,,,,,,,,100,100,100,100,100,9,,5,8,9,9,1,9,5,5,9,1,3,3,2,,,,,5,,5715699a30185b0008b40009
2024-04-22 23:41:22,2024-04-22 23:48:53,0,71.49.143.219,100,451,1,2024-04-22 23:48:54,R_62KlBGDUd8YrpwS,,,,,36.0088,-115.2178,anonymous,EN,1,1,1,1,7,1,1,1,7,1,7,1,10,1,1,1,11,1,11,1,1,1,,,,,,,,,,,,,,,,,,,,,,,,,,,,,,,,,,,,,,,2,2,2,1,,,,5,n/a,5ca419ef2fd4860001a501db
2024-04-23 00:10:09,2024-04-23 00:12:57,0,136.54.103.186,100,167,1,2024-04-23 00:12:58,R_18VEAvZlE7mx2iB,,,,,35.8964,-78.7115,anonymous,EN,1,1,1,1,7,1,1,1,7,1,7,1,10,1,1,1,1,1,11,1,1,1,,,,,,,,,,,,,,,,,,,,,,100,100,50,100,100,9,,7,2,3,9,1,9,9,2,7,2,3,3,2,,,,,5,,5befb6e27c387400016983bf
2024-04-23 00:07:11,2024-04-23 00:19:16,0,174.215.247.101,100,725,1,2024-04-23 00:19:17,R_1FVSX08S2mh79bb,,,,,41.2341,-96.169,anonymous,EN,1,1,6,1,8,1,1,1,7,1,1,1,1,1,1,1,1,1,1,1,1,1,,,,,,,,,,,,,,,,,,,,,,100,100,100,100,100,9,,7,9,9,7,5,9,9,9,9,5,,,,3,"I mostly agree with the consensus because I don't have the equipment to independently test it myself and I also know scientists have proven those who don't have the so called equipment to know what they know. We can only observe what we observe at the moment, but there's more to what the scientists are observing and theorizing.",,,5,,65cb7e39ae4fbe7e0e7f1a17
2024-04-23 00:14:56,2024-04-23 00:21:29,0,185.189.25.219,100,393,1,2024-04-23 00:21:30,R_1gGcckwy8i08ZH7,,,,,32.7797,-96.8022,anonymous,EN,1,1,1,1,7,1,1,1,9,2,7,1,10,1,1,1,1,1,11,1,1,1,,,,,,,Answered incorrectly in error.  I agree with the scientific consensus.,4,,,,,,,,,,,,,,100,100,70,60,90,9,,4,6,9,7,1,9,9,5,7,1,2,3,2,,,,,3,,6623167b2501da446696a9c1
2024-04-23 00:16:18,2024-04-23 00:38:20,0,172.59.104.253,100,1321,1,2024-04-23 00:38:20,R_71cIfu60L6uFoWi,,,,,30.4509,-91.1563,anonymous,EN,1,1,6,1,1,2,1,1,9,2,1,1,10,1,7,2,11,1,11,1,1,1,,,"I’ve taken antibiotics numerous of times and although my sickness is usually cured, I always get a yeast infection as result. This always happens since the antibiotics kill the good and bad bacteria in the body.",5,,,I believe that God decides whether parents will be blessed with a boy or girl. It had nothing to do with genetics.,5,,,,,This just doesn’t seem correct even after viewing the article from the university. I can’t explain why but I can’t justify it.,5,,,,,,,,100,100,90,90,100,8,,5,9,9,7,1,9,5,7,5,1,3,3,3,,,,,6,Noon,65c11f6098be0f40918869d2
2024-04-23 00:35:49,2024-04-23 00:40:38,0,74.65.35.63,100,289,1,2024-04-23 00:40:38,R_2P5Fs5t6ACSLi5K,,,,,43.3195,-76.4178,anonymous,EN,1,1,1,1,1,1,1,1,7,1,7,1,10,1,7,2,1,1,1,1,11,1,,,,,,,,,,,,,"I just never heard of diamonds being made of carbon and it makes zero sense to me while thinking about it. ",4,,,,,,,,100,100,10,40,100,9,,1,9,9,5,1,5,6,6,5,5,,,,1,,,,3,,62989b11e61bf4363844f0cd
2024-04-22 23:27:23,2024-04-23 00:42:17,0,174.211.228.15,100,4494,1,2024-04-23 00:42:17,R_1GU2UzKVoWG40h7,,,,,28.6344,-81.6221,anonymous,EN,1,1,6,1,1,1,1,1,7,1,7,1,10,1,1,1,1,1,1,1,1,1,,,,,,,,,,,,,,,,,,,,,,100,100,10,10,100,6,,5,6,7,1,1,6,5,9,5,1,3,3,4,,,,,5,,660c52ebf66e00f5ef19cd7d
2024-04-23 00:39:59,2024-04-23 00:52:35,0,172.59.89.32,100,755,1,2024-04-23 00:52:35,R_3zcjXrBvi0VEQyB,,,,,35.0324,-89.8145,anonymous,EN,1,1,6,1,1,1,7,2,9,1,7,1,1,2,1,1,1,1,11,1,1,1,,,,,The earth is not old but young. Not billions or millions but thanks of years.,7,,,,,One day because the sun is not taking a year to light up other parts of the earth.,5,,,,,,,,,,100,100,100,100,100,9,,9,9,9,9,5,5,5,2,5,9,,,,2,,The Bible.,,3,Interesting survey. Thanks.,65cbc0658c48323f0b657b06
